Org ID,Execution type,Executed asset,Date (in UTC),Invoked by,Execution env,status,Execution count,Total Execution time (in hours),Average Execution time (in seconds)
4xiVO2awWKCdQC52Ap0tYk,Process,p_IICS_API_EXECUTION,2025-07-15,Scheduler,010EIL08000000000006_srvorys.localdomain,Faulted,1,0.0002738889,0.98600
4xiVO2awWKCdQC52Ap0tYk,Process,p_IICS_JOBS_EXECUTION,2025-07-15,Scheduler,010EIL08000000000006_srvorys.localdomain,Faulted,1,0.0004508333,1.62300
4xiVO2awWKCdQC52Ap0tYk,Process,p_IICS_API_EXECUTION,2025-07-16,Scheduler,010EIL08000000000006_srvorys.localdomain,Faulted,1,0.0002733333,0.98400
4xiVO2awWKCdQC52Ap0tYk,Process,p_IICS_JOBS_EXECUTION,2025-07-16,Scheduler,010EIL08000000000006_srvorys.localdomain,Faulted,1,0.0002736111,0.98500
4xiVO2awWKCdQC52Ap0tYk,Process,p_IICS_API_EXECUTION,2025-07-17,Scheduler,010EIL08000000000006_srvorys.localdomain,Faulted,1,0.0002722222,0.98000
4xiVO2awWKCdQC52Ap0tYk,Process,p_IICS_JOBS_EXECUTION,2025-07-17,Scheduler,010EIL08000000000006_srvorys.localdomain,Faulted,1,0.0002661111,0.95800
4xiVO2awWKCdQC52Ap0tYk,Process,p_IICS_API_EXECUTION,2025-07-18,Scheduler,010EIL08000000000006_srvorys.localdomain,Faulted,1,0.0002738889,0.98600
4xiVO2awWKCdQC52Ap0tYk,Process,p_IICS_JOBS_EXECUTION,2025-07-18,Scheduler,010EIL08000000000006_srvorys.localdomain,Faulted,1,0.0002805556,1.01000
4xiVO2awWKCdQC52Ap0tYk,Process,p_IICS_API_EXECUTION,2025-07-19,Scheduler,010EIL08000000000006_srvorys.localdomain,Faulted,1,0.0001200000,0.43200
4xiVO2awWKCdQC52Ap0tYk,Process,p_IICS_JOBS_EXECUTION,2025-07-19,Scheduler,010EIL08000000000006_srvorys.localdomain,Faulted,1,0.0002605556,0.93800
4xiVO2awWKCdQC52Ap0tYk,Process,p_IICS_API_EXECUTION,2025-07-21,Scheduler,010EIL08000000000006_srvorys.localdomain,Faulted,1,0.0034769444,12.51700
4xiVO2awWKCdQC52Ap0tYk,Process,p_IICS_JOBS_EXECUTION,2025-07-21,Scheduler,010EIL08000000000006_srvorys.localdomain,Faulted,1,0.0034769444,12.51700
4xiVO2awWKCdQC52Ap0tYk,Process,p_IICS_API_EXECUTION,2025-07-22,Scheduler,010EIL08000000000006_srvorys.localdomain,Faulted,1,0.0002425000,0.87300
4xiVO2awWKCdQC52Ap0tYk,Process,p_IICS_JOBS_EXECUTION,2025-07-22,Scheduler,010EIL08000000000006_srvorys.localdomain,Faulted,1,0.0002869444,1.03300
4xiVO2awWKCdQC52Ap0tYk,Process,p_IICS_API_EXECUTION,2025-07-23,Scheduler,010EIL08000000000006_srvorys.localdomain,Faulted,1,0.0002505556,0.90200
4xiVO2awWKCdQC52Ap0tYk,Process,p_IICS_JOBS_EXECUTION,2025-07-23,Scheduler,010EIL08000000000006_srvorys.localdomain,Faulted,1,0.0002908333,1.04700
4xiVO2awWKCdQC52Ap0tYk,Process,p_IICS_API_EXECUTION,2025-07-24,Scheduler,010EIL08000000000006_srvorys.localdomain,Faulted,1,0.0002166667,0.78000
4xiVO2awWKCdQC52Ap0tYk,Process,p_IICS_JOBS_EXECUTION,2025-07-24,Scheduler,010EIL08000000000006_srvorys.localdomain,Faulted,1,0.0002675000,0.96300
4xiVO2awWKCdQC52Ap0tYk,Process,p_IICS_API_EXECUTION,2025-07-25,Scheduler,010EIL08000000000006_srvorys.localdomain,Faulted,1,0.0002172222,0.78200
4xiVO2awWKCdQC52Ap0tYk,Process,p_IICS_JOBS_EXECUTION,2025-07-25,Scheduler,010EIL08000000000006_srvorys.localdomain,Faulted,1,0.0002491667,0.89700
4xiVO2awWKCdQC52Ap0tYk,Process,p_IICS_API_EXECUTION,2025-07-26,Scheduler,010EIL08000000000006_srvorys.localdomain,Faulted,1,0.0002147222,0.77300
4xiVO2awWKCdQC52Ap0tYk,Process,p_IICS_JOBS_EXECUTION,2025-07-26,Scheduler,010EIL08000000000006_srvorys.localdomain,Faulted,1,0.0002744444,0.98800
4xiVO2awWKCdQC52Ap0tYk,Process,p_IICS_API_EXECUTION,2025-07-27,Scheduler,010EIL08000000000006_srvorys.localdomain,Faulted,1,0.0002144444,0.77200
4xiVO2awWKCdQC52Ap0tYk,Process,p_IICS_JOBS_EXECUTION,2025-07-27,Scheduler,010EIL08000000000006_srvorys.localdomain,Faulted,1,0.0002761111,0.99400
4xiVO2awWKCdQC52Ap0tYk,Process,p_IICS_API_EXECUTION,2025-07-28,Scheduler,010EIL08000000000006_srvorys.localdomain,Faulted,1,0.0002008333,0.72300
4xiVO2awWKCdQC52Ap0tYk,Process,p_IICS_JOBS_EXECUTION,2025-07-28,Scheduler,010EIL08000000000006_srvorys.localdomain,Faulted,1,0.0002669444,0.96100
4xiVO2awWKCdQC52Ap0tYk,Process,p_IICS_API_EXECUTION,2025-07-29,Scheduler,010EIL08000000000006_srvorys.localdomain,Faulted,1,0.0002008333,0.72300
4xiVO2awWKCdQC52Ap0tYk,Process,p_IICS_JOBS_EXECUTION,2025-07-29,Scheduler,010EIL08000000000006_srvorys.localdomain,Faulted,1,0.0002686111,0.96700
4xiVO2awWKCdQC52Ap0tYk,Process,p_IICS_API_EXECUTION,2025-07-30,Scheduler,010EIL08000000000006_srvorys.localdomain,Faulted,1,0.0002069444,0.74500
4xiVO2awWKCdQC52Ap0tYk,Process,p_IICS_JOBS_EXECUTION,2025-07-30,Scheduler,010EIL08000000000006_srvorys.localdomain,Faulted,1,0.0002927778,1.05400
4xiVO2awWKCdQC52Ap0tYk,Process,p_IICS_API_EXECUTION,2025-07-31,Scheduler,010EIL08000000000006_srvorys.localdomain,Faulted,1,0.0002050000,0.73800
4xiVO2awWKCdQC52Ap0tYk,Process,p_IICS_JOBS_EXECUTION,2025-07-31,Scheduler,010EIL08000000000006_srvorys.localdomain,Faulted,1,0.0002794444,1.00600
4xiVO2awWKCdQC52Ap0tYk,Process,p_IICS_API_EXECUTION,2025-08-01,Scheduler,010EIL08000000000006_srvorys.localdomain,Faulted,1,0.0001886111,0.67900
4xiVO2awWKCdQC52Ap0tYk,Process,p_IICS_JOBS_EXECUTION,2025-08-01,Scheduler,010EIL08000000000006_srvorys.localdomain,Faulted,1,0.0002650000,0.95400
4xiVO2awWKCdQC52Ap0tYk,Process,p_IICS_API_EXECUTION,2025-08-02,Scheduler,010EIL08000000000006_srvorys.localdomain,Faulted,1,0.0002666667,0.96000
4xiVO2awWKCdQC52Ap0tYk,Process,p_IICS_JOBS_EXECUTION,2025-08-02,Scheduler,010EIL08000000000006_srvorys.localdomain,Faulted,1,0.0004405556,1.58600
4xiVO2awWKCdQC52Ap0tYk,Process,p_IICS_API_EXECUTION,2025-08-03,Scheduler,010EIL08000000000006_srvorys.localdomain,Faulted,1,0.0002088889,0.75200
4xiVO2awWKCdQC52Ap0tYk,Process,p_IICS_JOBS_EXECUTION,2025-08-03,Scheduler,010EIL08000000000006_srvorys.localdomain,Faulted,1,0.0002655556,0.95600
4xiVO2awWKCdQC52Ap0tYk,Process,p_IICS_API_EXECUTION,2025-08-04,Scheduler,010EIL08000000000006_srvorys.localdomain,Faulted,1,0.0002333333,0.84000
4xiVO2awWKCdQC52Ap0tYk,Process,p_IICS_JOBS_EXECUTION,2025-08-04,Scheduler,010EIL08000000000006_srvorys.localdomain,Faulted,1,0.0003002778,1.08100
4xiVO2awWKCdQC52Ap0tYk,Process,p_IICS_API_EXECUTION,2025-08-05,Scheduler,010EIL08000000000006_srvorys.localdomain,Faulted,1,0.0002258333,0.81300
4xiVO2awWKCdQC52Ap0tYk,Process,p_IICS_JOBS_EXECUTION,2025-08-05,Scheduler,010EIL08000000000006_srvorys.localdomain,Faulted,1,0.0002988889,1.07600
4xiVO2awWKCdQC52Ap0tYk,Process,p_IICS_API_EXECUTION,2025-08-06,Scheduler,010EIL08000000000006_srvorys.localdomain,Faulted,1,0.0001947222,0.70100
4xiVO2awWKCdQC52Ap0tYk,Process,p_IICS_JOBS_EXECUTION,2025-08-06,Scheduler,010EIL08000000000006_srvorys.localdomain,Faulted,1,0.0002733333,0.98400
4xiVO2awWKCdQC52Ap0tYk,Process,p_IICS_API_EXECUTION,2025-08-07,Scheduler,010EIL08000000000006_srvorys.localdomain,Faulted,1,0.0002016667,0.72600
4xiVO2awWKCdQC52Ap0tYk,Process,p_IICS_JOBS_EXECUTION,2025-08-07,Scheduler,010EIL08000000000006_srvorys.localdomain,Faulted,1,0.0002744444,0.98800
4xiVO2awWKCdQC52Ap0tYk,Process,p_IICS_API_EXECUTION,2025-08-08,Scheduler,010EIL08000000000006_srvorys.localdomain,Faulted,1,0.0002747222,0.98900
4xiVO2awWKCdQC52Ap0tYk,Process,p_IICS_JOBS_EXECUTION,2025-08-08,Scheduler,010EIL08000000000006_srvorys.localdomain,Faulted,1,0.0004330556,1.55900
