Task ID,Task Name,Task Object Name,Task Type,Task Run ID,Project Name,Folder Name,Org ID,Environment ID,Environment,Cores Used,Start Time,End Time,Status,Metered Value,Audit Time,OBM Task Time(s)
01CR7T0Z00000000003T,mt_TB_SALESFORCE_ACCOUNT_2_TB_CLIENTESEGMENTACAO_Cli002,,MTT,20920,CLIENTE_QUALIDADE-STAGING,Salesforce - Cliente,0Nlc01DYHHse7SsRKVb76p,gXFocBE5L0qfwoEO4SrVwp,VLI_Logistica_PRD,0.0,2025-08-14 00:00:05.0,2025-08-14 00:01:20.0,SUCCESS,0.020833,2025-08-14 00:01:20.0,0
01CR7T0Z00000000003U,mt_TB_SALESFORCE_ACCOUNT_2_TB_CLIENTEGESTAO_Cli002,,MTT,20919,CLIENTE_QUALIDADE-STAGING,Salesforce - Cliente,0Nlc01DYHHse7SsRKVb76p,gXFocBE5L0qfwoEO4SrVwp,VLI_Logistica_PRD,0.0,2025-08-14 00:01:24.0,2025-08-14 00:02:29.0,SUCCESS,0.018056,2025-08-14 00:02:29.0,0
01CR7T0Z00000000003S,mt_TB_PREPARADA_ACCOUNT_2_TB_CLIENTEGRANULAR_Cli003,,MTT,32151,CLIENTE_AUDITORIA-PREPARADA,SALESFORCE - Cliente,0Nlc01DYHHse7SsRKVb76p,gXFocBE5L0qfwoEO4SrVwp,VLI_Logistica_PRD,0.0,2025-08-14 00:02:33.0,2025-08-14 00:02:37.0,SUCCESS,0.001111,2025-08-14 00:02:37.0,0
01CR7T0Z00000000003T,mt_TB_SALESFORCE_ACCOUNT_2_TB_CLIENTESEGMENTACAO_Cli002,,MTT,20921,CLIENTE_QUALIDADE-STAGING,Salesforce - Cliente,0Nlc01DYHHse7SsRKVb76p,gXFocBE5L0qfwoEO4SrVwp,VLI_Logistica_PRD,0.0,2025-08-14 00:10:03.0,2025-08-14 00:10:09.0,SUCCESS,0.001667,2025-08-14 00:10:09.0,0
01CR7T0Z00000000003U,mt_TB_SALESFORCE_ACCOUNT_2_TB_CLIENTEGESTAO_Cli002,,MTT,20920,CLIENTE_QUALIDADE-STAGING,Salesforce - Cliente,0Nlc01DYHHse7SsRKVb76p,gXFocBE5L0qfwoEO4SrVwp,VLI_Logistica_PRD,0.0,2025-08-14 00:10:10.0,2025-08-14 00:10:14.0,SUCCESS,0.001111,2025-08-14 00:10:14.0,0
01CR7T0Z00000000003S,mt_TB_PREPARADA_ACCOUNT_2_TB_CLIENTEGRANULAR_Cli003,,MTT,32152,CLIENTE_AUDITORIA-PREPARADA,SALESFORCE - Cliente,0Nlc01DYHHse7SsRKVb76p,gXFocBE5L0qfwoEO4SrVwp,VLI_Logistica_PRD,0.0,2025-08-14 00:10:20.0,2025-08-14 00:10:24.0,SUCCESS,0.001111,2025-08-14 00:10:24.0,0
01CR7T0Z00000000003T,mt_TB_SALESFORCE_ACCOUNT_2_TB_CLIENTESEGMENTACAO_Cli002,,MTT,20922,CLIENTE_QUALIDADE-STAGING,Salesforce - Cliente,0Nlc01DYHHse7SsRKVb76p,gXFocBE5L0qfwoEO4SrVwp,VLI_Logistica_PRD,0.0,2025-08-14 00:20:05.0,2025-08-14 00:22:10.0,SUCCESS,0.034722,2025-08-14 00:22:10.0,0
01CR7T0Z00000000003U,mt_TB_SALESFORCE_ACCOUNT_2_TB_CLIENTEGESTAO_Cli002,,MTT,20921,CLIENTE_QUALIDADE-STAGING,Salesforce - Cliente,0Nlc01DYHHse7SsRKVb76p,gXFocBE5L0qfwoEO4SrVwp,VLI_Logistica_PRD,0.0,2025-08-14 00:22:14.0,2025-08-14 00:22:54.0,SUCCESS,0.011111,2025-08-14 00:22:54.0,0
01CR7T0Z00000000003S,mt_TB_PREPARADA_ACCOUNT_2_TB_CLIENTEGRANULAR_Cli003,,MTT,32153,CLIENTE_AUDITORIA-PREPARADA,SALESFORCE - Cliente,0Nlc01DYHHse7SsRKVb76p,gXFocBE5L0qfwoEO4SrVwp,VLI_Logistica_PRD,0.0,2025-08-14 00:22:58.0,2025-08-14 00:23:02.0,SUCCESS,0.001111,2025-08-14 00:23:02.0,0
01CR7T0Z00000000003T,mt_TB_SALESFORCE_ACCOUNT_2_TB_CLIENTESEGMENTACAO_Cli002,,MTT,20923,CLIENTE_QUALIDADE-STAGING,Salesforce - Cliente,0Nlc01DYHHse7SsRKVb76p,gXFocBE5L0qfwoEO4SrVwp,VLI_Logistica_PRD,0.0,2025-08-14 00:30:02.0,2025-08-14 00:30:07.0,SUCCESS,0.001389,2025-08-14 00:30:07.0,0
01CR7T0Z00000000003U,mt_TB_SALESFORCE_ACCOUNT_2_TB_CLIENTEGESTAO_Cli002,,MTT,20922,CLIENTE_QUALIDADE-STAGING,Salesforce - Cliente,0Nlc01DYHHse7SsRKVb76p,gXFocBE5L0qfwoEO4SrVwp,VLI_Logistica_PRD,0.0,2025-08-14 00:30:11.0,2025-08-14 00:30:17.0,SUCCESS,0.001667,2025-08-14 00:30:17.0,0
01CR7T0Z00000000003S,mt_TB_PREPARADA_ACCOUNT_2_TB_CLIENTEGRANULAR_Cli003,,MTT,32154,CLIENTE_AUDITORIA-PREPARADA,SALESFORCE - Cliente,0Nlc01DYHHse7SsRKVb76p,gXFocBE5L0qfwoEO4SrVwp,VLI_Logistica_PRD,0.0,2025-08-14 00:30:20.0,2025-08-14 00:30:24.0,SUCCESS,0.001111,2025-08-14 00:30:24.0,0
01CR7T0Z00000000003T,mt_TB_SALESFORCE_ACCOUNT_2_TB_CLIENTESEGMENTACAO_Cli002,,MTT,20924,CLIENTE_QUALIDADE-STAGING,Salesforce - Cliente,0Nlc01DYHHse7SsRKVb76p,gXFocBE5L0qfwoEO4SrVwp,VLI_Logistica_PRD,0.0,2025-08-14 00:40:03.0,2025-08-14 00:41:44.0,SUCCESS,0.028056,2025-08-14 00:41:43.0,0
01CR7T0Z00000000003U,mt_TB_SALESFORCE_ACCOUNT_2_TB_CLIENTEGESTAO_Cli002,,MTT,20923,CLIENTE_QUALIDADE-STAGING,Salesforce - Cliente,0Nlc01DYHHse7SsRKVb76p,gXFocBE5L0qfwoEO4SrVwp,VLI_Logistica_PRD,0.0,2025-08-14 00:41:49.0,2025-08-14 00:41:53.0,SUCCESS,0.001111,2025-08-14 00:41:52.0,0
01CR7T0Z00000000003S,mt_TB_PREPARADA_ACCOUNT_2_TB_CLIENTEGRANULAR_Cli003,,MTT,32155,CLIENTE_AUDITORIA-PREPARADA,SALESFORCE - Cliente,0Nlc01DYHHse7SsRKVb76p,gXFocBE5L0qfwoEO4SrVwp,VLI_Logistica_PRD,0.0,2025-08-14 00:41:58.0,2025-08-14 00:42:03.0,SUCCESS,0.001389,2025-08-14 00:42:02.0,0
01CR7T0Z00000000003T,mt_TB_SALESFORCE_ACCOUNT_2_TB_CLIENTESEGMENTACAO_Cli002,,MTT,20925,CLIENTE_QUALIDADE-STAGING,Salesforce - Cliente,0Nlc01DYHHse7SsRKVb76p,gXFocBE5L0qfwoEO4SrVwp,VLI_Logistica_PRD,0.0,2025-08-14 00:50:03.0,2025-08-14 00:50:08.0,SUCCESS,0.001389,2025-08-14 00:50:07.0,0
01CR7T0Z00000000003U,mt_TB_SALESFORCE_ACCOUNT_2_TB_CLIENTEGESTAO_Cli002,,MTT,20924,CLIENTE_QUALIDADE-STAGING,Salesforce - Cliente,0Nlc01DYHHse7SsRKVb76p,gXFocBE5L0qfwoEO4SrVwp,VLI_Logistica_PRD,0.0,2025-08-14 00:50:10.0,2025-08-14 00:50:14.0,SUCCESS,0.001111,2025-08-14 00:50:13.0,0
01CR7T0Z00000000003S,mt_TB_PREPARADA_ACCOUNT_2_TB_CLIENTEGRANULAR_Cli003,,MTT,32156,CLIENTE_AUDITORIA-PREPARADA,SALESFORCE - Cliente,0Nlc01DYHHse7SsRKVb76p,gXFocBE5L0qfwoEO4SrVwp,VLI_Logistica_PRD,0.0,2025-08-14 00:50:20.0,2025-08-14 00:50:24.0,SUCCESS,0.001111,2025-08-14 00:50:23.0,0
01CR7T0Z00000000003T,mt_TB_SALESFORCE_ACCOUNT_2_TB_CLIENTESEGMENTACAO_Cli002,,MTT,20926,CLIENTE_QUALIDADE-STAGING,Salesforce - Cliente,0Nlc01DYHHse7SsRKVb76p,gXFocBE5L0qfwoEO4SrVwp,VLI_Logistica_PRD,0.0,2025-08-14 01:00:07.0,2025-08-14 01:01:25.0,SUCCESS,0.021667,2025-08-14 01:01:24.0,0
01CR7T0Z00000000003U,mt_TB_SALESFORCE_ACCOUNT_2_TB_CLIENTEGESTAO_Cli002,,MTT,20925,CLIENTE_QUALIDADE-STAGING,Salesforce - Cliente,0Nlc01DYHHse7SsRKVb76p,gXFocBE5L0qfwoEO4SrVwp,VLI_Logistica_PRD,0.0,2025-08-14 01:01:29.0,2025-08-14 01:01:53.0,SUCCESS,0.006667,2025-08-14 01:01:53.0,0
01CR7T0Z00000000003S,mt_TB_PREPARADA_ACCOUNT_2_TB_CLIENTEGRANULAR_Cli003,,MTT,32157,CLIENTE_AUDITORIA-PREPARADA,SALESFORCE - Cliente,0Nlc01DYHHse7SsRKVb76p,gXFocBE5L0qfwoEO4SrVwp,VLI_Logistica_PRD,0.0,2025-08-14 01:01:58.0,2025-08-14 01:02:03.0,SUCCESS,0.001389,2025-08-14 01:02:02.0,0
01CR7T0Z00000000003T,mt_TB_SALESFORCE_ACCOUNT_2_TB_CLIENTESEGMENTACAO_Cli002,,MTT,20927,CLIENTE_QUALIDADE-STAGING,Salesforce - Cliente,0Nlc01DYHHse7SsRKVb76p,gXFocBE5L0qfwoEO4SrVwp,VLI_Logistica_PRD,0.0,2025-08-14 01:10:03.0,2025-08-14 01:10:08.0,SUCCESS,0.001389,2025-08-14 01:10:08.0,0
01CR7T0Z00000000003U,mt_TB_SALESFORCE_ACCOUNT_2_TB_CLIENTEGESTAO_Cli002,,MTT,20926,CLIENTE_QUALIDADE-STAGING,Salesforce - Cliente,0Nlc01DYHHse7SsRKVb76p,gXFocBE5L0qfwoEO4SrVwp,VLI_Logistica_PRD,0.0,2025-08-14 01:10:10.0,2025-08-14 01:10:14.0,SUCCESS,0.001111,2025-08-14 01:10:14.0,0
01CR7T0Z00000000003S,mt_TB_PREPARADA_ACCOUNT_2_TB_CLIENTEGRANULAR_Cli003,,MTT,32158,CLIENTE_AUDITORIA-PREPARADA,SALESFORCE - Cliente,0Nlc01DYHHse7SsRKVb76p,gXFocBE5L0qfwoEO4SrVwp,VLI_Logistica_PRD,0.0,2025-08-14 01:10:15.0,2025-08-14 01:10:19.0,SUCCESS,0.001111,2025-08-14 01:10:19.0,0
01CR7T0Z00000000003T,mt_TB_SALESFORCE_ACCOUNT_2_TB_CLIENTESEGMENTACAO_Cli002,,MTT,20928,CLIENTE_QUALIDADE-STAGING,Salesforce - Cliente,0Nlc01DYHHse7SsRKVb76p,gXFocBE5L0qfwoEO4SrVwp,VLI_Logistica_PRD,0.0,2025-08-14 01:20:02.0,2025-08-14 01:22:27.0,SUCCESS,0.040278,2025-08-14 01:22:27.0,0
01CR7T0Z00000000003U,mt_TB_SALESFORCE_ACCOUNT_2_TB_CLIENTEGESTAO_Cli002,,MTT,20927,CLIENTE_QUALIDADE-STAGING,Salesforce - Cliente,0Nlc01DYHHse7SsRKVb76p,gXFocBE5L0qfwoEO4SrVwp,VLI_Logistica_PRD,0.0,2025-08-14 01:22:34.0,2025-08-14 01:22:38.0,SUCCESS,0.001111,2025-08-14 01:22:37.0,0
01CR7T0Z00000000003S,mt_TB_PREPARADA_ACCOUNT_2_TB_CLIENTEGRANULAR_Cli003,,MTT,32159,CLIENTE_AUDITORIA-PREPARADA,SALESFORCE - Cliente,0Nlc01DYHHse7SsRKVb76p,gXFocBE5L0qfwoEO4SrVwp,VLI_Logistica_PRD,0.0,2025-08-14 01:22:43.0,2025-08-14 01:22:47.0,SUCCESS,0.001111,2025-08-14 01:22:46.0,0
01CR7T0Z00000000003T,mt_TB_SALESFORCE_ACCOUNT_2_TB_CLIENTESEGMENTACAO_Cli002,,MTT,20929,CLIENTE_QUALIDADE-STAGING,Salesforce - Cliente,0Nlc01DYHHse7SsRKVb76p,gXFocBE5L0qfwoEO4SrVwp,VLI_Logistica_PRD,0.0,2025-08-14 01:30:03.0,2025-08-14 01:30:08.0,SUCCESS,0.001389,2025-08-14 01:30:08.0,0
01CR7T0Z00000000003U,mt_TB_SALESFORCE_ACCOUNT_2_TB_CLIENTEGESTAO_Cli002,,MTT,20928,CLIENTE_QUALIDADE-STAGING,Salesforce - Cliente,0Nlc01DYHHse7SsRKVb76p,gXFocBE5L0qfwoEO4SrVwp,VLI_Logistica_PRD,0.0,2025-08-14 01:30:17.0,2025-08-14 01:30:23.0,SUCCESS,0.001667,2025-08-14 01:30:23.0,0
01CR7T0Z00000000003S,mt_TB_PREPARADA_ACCOUNT_2_TB_CLIENTEGRANULAR_Cli003,,MTT,32160,CLIENTE_AUDITORIA-PREPARADA,SALESFORCE - Cliente,0Nlc01DYHHse7SsRKVb76p,gXFocBE5L0qfwoEO4SrVwp,VLI_Logistica_PRD,0.0,2025-08-14 01:30:31.0,2025-08-14 01:30:35.0,SUCCESS,0.001111,2025-08-14 01:30:35.0,0
01CR7T0Z00000000003T,mt_TB_SALESFORCE_ACCOUNT_2_TB_CLIENTESEGMENTACAO_Cli002,,MTT,20930,CLIENTE_QUALIDADE-STAGING,Salesforce - Cliente,0Nlc01DYHHse7SsRKVb76p,gXFocBE5L0qfwoEO4SrVwp,VLI_Logistica_PRD,0.0,2025-08-14 01:40:03.0,2025-08-14 01:40:08.0,SUCCESS,0.001389,2025-08-14 01:40:08.0,0
01CR7T0Z00000000003U,mt_TB_SALESFORCE_ACCOUNT_2_TB_CLIENTEGESTAO_Cli002,,MTT,20929,CLIENTE_QUALIDADE-STAGING,Salesforce - Cliente,0Nlc01DYHHse7SsRKVb76p,gXFocBE5L0qfwoEO4SrVwp,VLI_Logistica_PRD,0.0,2025-08-14 01:40:12.0,2025-08-14 01:40:16.0,SUCCESS,0.001111,2025-08-14 01:40:16.0,0
01CR7T0Z00000000003S,mt_TB_PREPARADA_ACCOUNT_2_TB_CLIENTEGRANULAR_Cli003,,MTT,32161,CLIENTE_AUDITORIA-PREPARADA,SALESFORCE - Cliente,0Nlc01DYHHse7SsRKVb76p,gXFocBE5L0qfwoEO4SrVwp,VLI_Logistica_PRD,0.0,2025-08-14 01:40:17.0,2025-08-14 01:40:21.0,SUCCESS,0.001111,2025-08-14 01:40:21.0,0
01CR7T0Z00000000003T,mt_TB_SALESFORCE_ACCOUNT_2_TB_CLIENTESEGMENTACAO_Cli002,,MTT,20931,CLIENTE_QUALIDADE-STAGING,Salesforce - Cliente,0Nlc01DYHHse7SsRKVb76p,gXFocBE5L0qfwoEO4SrVwp,VLI_Logistica_PRD,0.0,2025-08-14 01:50:02.0,2025-08-14 01:50:07.0,SUCCESS,0.001389,2025-08-14 01:50:07.0,0
01CR7T0Z00000000003U,mt_TB_SALESFORCE_ACCOUNT_2_TB_CLIENTEGESTAO_Cli002,,MTT,20930,CLIENTE_QUALIDADE-STAGING,Salesforce - Cliente,0Nlc01DYHHse7SsRKVb76p,gXFocBE5L0qfwoEO4SrVwp,VLI_Logistica_PRD,0.0,2025-08-14 01:50:09.0,2025-08-14 01:50:14.0,SUCCESS,0.001389,2025-08-14 01:50:14.0,0
01CR7T0Z00000000003S,mt_TB_PREPARADA_ACCOUNT_2_TB_CLIENTEGRANULAR_Cli003,,MTT,32162,CLIENTE_AUDITORIA-PREPARADA,SALESFORCE - Cliente,0Nlc01DYHHse7SsRKVb76p,gXFocBE5L0qfwoEO4SrVwp,VLI_Logistica_PRD,0.0,2025-08-14 01:50:19.0,2025-08-14 01:50:23.0,SUCCESS,0.001111,2025-08-14 01:50:23.0,0
01CR7T0Z00000000003T,mt_TB_SALESFORCE_ACCOUNT_2_TB_CLIENTESEGMENTACAO_Cli002,,MTT,20932,CLIENTE_QUALIDADE-STAGING,Salesforce - Cliente,0Nlc01DYHHse7SsRKVb76p,gXFocBE5L0qfwoEO4SrVwp,VLI_Logistica_PRD,0.0,2025-08-14 02:00:07.0,2025-08-14 02:03:22.0,SUCCESS,0.054167,2025-08-14 02:03:21.0,0
01CR7T0Z00000000003U,mt_TB_SALESFORCE_ACCOUNT_2_TB_CLIENTEGESTAO_Cli002,,MTT,20931,CLIENTE_QUALIDADE-STAGING,Salesforce - Cliente,0Nlc01DYHHse7SsRKVb76p,gXFocBE5L0qfwoEO4SrVwp,VLI_Logistica_PRD,0.0,2025-08-14 02:03:24.0,2025-08-14 02:04:29.0,SUCCESS,0.018056,2025-08-14 02:04:29.0,0
01CR7T0Z00000000003S,mt_TB_PREPARADA_ACCOUNT_2_TB_CLIENTEGRANULAR_Cli003,,MTT,32163,CLIENTE_AUDITORIA-PREPARADA,SALESFORCE - Cliente,0Nlc01DYHHse7SsRKVb76p,gXFocBE5L0qfwoEO4SrVwp,VLI_Logistica_PRD,0.0,2025-08-14 02:04:33.0,2025-08-14 02:04:38.0,SUCCESS,0.001389,2025-08-14 02:04:37.0,0
01CR7T0Z00000000003T,mt_TB_SALESFORCE_ACCOUNT_2_TB_CLIENTESEGMENTACAO_Cli002,,MTT,20933,CLIENTE_QUALIDADE-STAGING,Salesforce - Cliente,0Nlc01DYHHse7SsRKVb76p,gXFocBE5L0qfwoEO4SrVwp,VLI_Logistica_PRD,0.0,2025-08-14 02:10:03.0,2025-08-14 02:12:28.0,SUCCESS,0.040278,2025-08-14 02:12:27.0,0
01CR7T0Z00000000003U,mt_TB_SALESFORCE_ACCOUNT_2_TB_CLIENTEGESTAO_Cli002,,MTT,20932,CLIENTE_QUALIDADE-STAGING,Salesforce - Cliente,0Nlc01DYHHse7SsRKVb76p,gXFocBE5L0qfwoEO4SrVwp,VLI_Logistica_PRD,0.0,2025-08-14 02:12:31.0,2025-08-14 02:13:36.0,SUCCESS,0.018056,2025-08-14 02:13:35.0,0
01CR7T0Z00000000003S,mt_TB_PREPARADA_ACCOUNT_2_TB_CLIENTEGRANULAR_Cli003,,MTT,32164,CLIENTE_AUDITORIA-PREPARADA,SALESFORCE - Cliente,0Nlc01DYHHse7SsRKVb76p,gXFocBE5L0qfwoEO4SrVwp,VLI_Logistica_PRD,0.0,2025-08-14 02:13:40.0,2025-08-14 02:13:45.0,SUCCESS,0.001389,2025-08-14 02:13:44.0,0
01CR7T0Z00000000003T,mt_TB_SALESFORCE_ACCOUNT_2_TB_CLIENTESEGMENTACAO_Cli002,,MTT,20934,CLIENTE_QUALIDADE-STAGING,Salesforce - Cliente,0Nlc01DYHHse7SsRKVb76p,gXFocBE5L0qfwoEO4SrVwp,VLI_Logistica_PRD,0.0,2025-08-14 02:20:02.0,2025-08-14 02:20:44.0,SUCCESS,0.011667,2025-08-14 02:20:44.0,0
01CR7T0Z00000000003U,mt_TB_SALESFORCE_ACCOUNT_2_TB_CLIENTEGESTAO_Cli002,,MTT,20933,CLIENTE_QUALIDADE-STAGING,Salesforce - Cliente,0Nlc01DYHHse7SsRKVb76p,gXFocBE5L0qfwoEO4SrVwp,VLI_Logistica_PRD,0.0,2025-08-14 02:20:47.0,2025-08-14 02:20:51.0,SUCCESS,0.001111,2025-08-14 02:20:51.0,0
01CR7T0Z00000000003S,mt_TB_PREPARADA_ACCOUNT_2_TB_CLIENTEGRANULAR_Cli003,,MTT,32165,CLIENTE_AUDITORIA-PREPARADA,SALESFORCE - Cliente,0Nlc01DYHHse7SsRKVb76p,gXFocBE5L0qfwoEO4SrVwp,VLI_Logistica_PRD,0.0,2025-08-14 02:20:52.0,2025-08-14 02:20:56.0,SUCCESS,0.001111,2025-08-14 02:20:56.0,0
01CR7T0Z00000000003T,mt_TB_SALESFORCE_ACCOUNT_2_TB_CLIENTESEGMENTACAO_Cli002,,MTT,20935,CLIENTE_QUALIDADE-STAGING,Salesforce - Cliente,0Nlc01DYHHse7SsRKVb76p,gXFocBE5L0qfwoEO4SrVwp,VLI_Logistica_PRD,0.0,2025-08-14 02:30:02.0,2025-08-14 02:31:15.0,SUCCESS,0.020278,2025-08-14 02:31:15.0,0
01CR7T0Z00000000003U,mt_TB_SALESFORCE_ACCOUNT_2_TB_CLIENTEGESTAO_Cli002,,MTT,20934,CLIENTE_QUALIDADE-STAGING,Salesforce - Cliente,0Nlc01DYHHse7SsRKVb76p,gXFocBE5L0qfwoEO4SrVwp,VLI_Logistica_PRD,0.0,2025-08-14 02:31:21.0,2025-08-14 02:32:02.0,SUCCESS,0.011389,2025-08-14 02:32:02.0,0
01CR7T0Z00000000003S,mt_TB_PREPARADA_ACCOUNT_2_TB_CLIENTEGRANULAR_Cli003,,MTT,32166,CLIENTE_AUDITORIA-PREPARADA,SALESFORCE - Cliente,0Nlc01DYHHse7SsRKVb76p,gXFocBE5L0qfwoEO4SrVwp,VLI_Logistica_PRD,0.0,2025-08-14 02:32:06.0,2025-08-14 02:32:10.0,SUCCESS,0.001111,2025-08-14 02:32:09.0,0
01CR7T0Z00000000003T,mt_TB_SALESFORCE_ACCOUNT_2_TB_CLIENTESEGMENTACAO_Cli002,,MTT,20936,CLIENTE_QUALIDADE-STAGING,Salesforce - Cliente,0Nlc01DYHHse7SsRKVb76p,gXFocBE5L0qfwoEO4SrVwp,VLI_Logistica_PRD,0.0,2025-08-14 02:40:03.0,2025-08-14 02:40:10.0,SUCCESS,0.001944,2025-08-14 02:40:10.0,0
01CR7T0Z00000000003U,mt_TB_SALESFORCE_ACCOUNT_2_TB_CLIENTEGESTAO_Cli002,,MTT,20935,CLIENTE_QUALIDADE-STAGING,Salesforce - Cliente,0Nlc01DYHHse7SsRKVb76p,gXFocBE5L0qfwoEO4SrVwp,VLI_Logistica_PRD,0.0,2025-08-14 02:40:12.0,2025-08-14 02:40:19.0,SUCCESS,0.001944,2025-08-14 02:40:18.0,0
01CR7T0Z00000000003S,mt_TB_PREPARADA_ACCOUNT_2_TB_CLIENTEGRANULAR_Cli003,,MTT,32167,CLIENTE_AUDITORIA-PREPARADA,SALESFORCE - Cliente,0Nlc01DYHHse7SsRKVb76p,gXFocBE5L0qfwoEO4SrVwp,VLI_Logistica_PRD,0.0,2025-08-14 02:40:23.0,2025-08-14 02:40:27.0,SUCCESS,0.001111,2025-08-14 02:40:26.0,0
01CR7T0Z00000000003T,mt_TB_SALESFORCE_ACCOUNT_2_TB_CLIENTESEGMENTACAO_Cli002,,MTT,20937,CLIENTE_QUALIDADE-STAGING,Salesforce - Cliente,0Nlc01DYHHse7SsRKVb76p,gXFocBE5L0qfwoEO4SrVwp,VLI_Logistica_PRD,0.0,2025-08-14 02:50:02.0,2025-08-14 02:53:53.0,SUCCESS,0.064167,2025-08-14 02:53:52.0,0
01CR7T0Z00000000003U,mt_TB_SALESFORCE_ACCOUNT_2_TB_CLIENTEGESTAO_Cli002,,MTT,20936,CLIENTE_QUALIDADE-STAGING,Salesforce - Cliente,0Nlc01DYHHse7SsRKVb76p,gXFocBE5L0qfwoEO4SrVwp,VLI_Logistica_PRD,0.0,2025-08-14 02:53:55.0,2025-08-14 02:54:00.0,SUCCESS,0.001389,2025-08-14 02:53:59.0,0
01CR7T0Z00000000003S,mt_TB_PREPARADA_ACCOUNT_2_TB_CLIENTEGRANULAR_Cli003,,MTT,32168,CLIENTE_AUDITORIA-PREPARADA,SALESFORCE - Cliente,0Nlc01DYHHse7SsRKVb76p,gXFocBE5L0qfwoEO4SrVwp,VLI_Logistica_PRD,0.0,2025-08-14 02:54:04.0,2025-08-14 02:54:08.0,SUCCESS,0.001111,2025-08-14 02:54:08.0,0
01CR7T0Z00000000003T,mt_TB_SALESFORCE_ACCOUNT_2_TB_CLIENTESEGMENTACAO_Cli002,,MTT,20938,CLIENTE_QUALIDADE-STAGING,Salesforce - Cliente,0Nlc01DYHHse7SsRKVb76p,gXFocBE5L0qfwoEO4SrVwp,VLI_Logistica_PRD,0.0,2025-08-14 03:00:06.0,2025-08-14 03:02:22.0,SUCCESS,0.037778,2025-08-14 03:02:22.0,0
01CR7T0Z00000000003U,mt_TB_SALESFORCE_ACCOUNT_2_TB_CLIENTEGESTAO_Cli002,,MTT,20937,CLIENTE_QUALIDADE-STAGING,Salesforce - Cliente,0Nlc01DYHHse7SsRKVb76p,gXFocBE5L0qfwoEO4SrVwp,VLI_Logistica_PRD,0.0,2025-08-14 03:02:28.0,2025-08-14 03:02:32.0,SUCCESS,0.001111,2025-08-14 03:02:32.0,0
01CR7T0Z00000000003S,mt_TB_PREPARADA_ACCOUNT_2_TB_CLIENTEGRANULAR_Cli003,,MTT,32169,CLIENTE_AUDITORIA-PREPARADA,SALESFORCE - Cliente,0Nlc01DYHHse7SsRKVb76p,gXFocBE5L0qfwoEO4SrVwp,VLI_Logistica_PRD,0.0,2025-08-14 03:02:37.0,2025-08-14 03:02:41.0,SUCCESS,0.001111,2025-08-14 03:02:41.0,0
01CR7T0Z00000000003T,mt_TB_SALESFORCE_ACCOUNT_2_TB_CLIENTESEGMENTACAO_Cli002,,MTT,20939,CLIENTE_QUALIDADE-STAGING,Salesforce - Cliente,0Nlc01DYHHse7SsRKVb76p,gXFocBE5L0qfwoEO4SrVwp,VLI_Logistica_PRD,0.0,2025-08-14 03:10:02.0,2025-08-14 03:10:08.0,SUCCESS,0.001667,2025-08-14 03:10:08.0,0
01CR7T0Z00000000003U,mt_TB_SALESFORCE_ACCOUNT_2_TB_CLIENTEGESTAO_Cli002,,MTT,20938,CLIENTE_QUALIDADE-STAGING,Salesforce - Cliente,0Nlc01DYHHse7SsRKVb76p,gXFocBE5L0qfwoEO4SrVwp,VLI_Logistica_PRD,0.0,2025-08-14 03:10:14.0,2025-08-14 03:10:19.0,SUCCESS,0.001389,2025-08-14 03:10:18.0,0
01CR7T0Z00000000003S,mt_TB_PREPARADA_ACCOUNT_2_TB_CLIENTEGRANULAR_Cli003,,MTT,32170,CLIENTE_AUDITORIA-PREPARADA,SALESFORCE - Cliente,0Nlc01DYHHse7SsRKVb76p,gXFocBE5L0qfwoEO4SrVwp,VLI_Logistica_PRD,0.0,2025-08-14 03:10:24.0,2025-08-14 03:10:28.0,SUCCESS,0.001111,2025-08-14 03:10:28.0,0
01CR7T0Z00000000003T,mt_TB_SALESFORCE_ACCOUNT_2_TB_CLIENTESEGMENTACAO_Cli002,,MTT,20940,CLIENTE_QUALIDADE-STAGING,Salesforce - Cliente,0Nlc01DYHHse7SsRKVb76p,gXFocBE5L0qfwoEO4SrVwp,VLI_Logistica_PRD,0.0,2025-08-14 03:20:03.0,2025-08-14 03:20:08.0,SUCCESS,0.001389,2025-08-14 03:20:08.0,0
01CR7T0Z00000000003U,mt_TB_SALESFORCE_ACCOUNT_2_TB_CLIENTEGESTAO_Cli002,,MTT,20939,CLIENTE_QUALIDADE-STAGING,Salesforce - Cliente,0Nlc01DYHHse7SsRKVb76p,gXFocBE5L0qfwoEO4SrVwp,VLI_Logistica_PRD,0.0,2025-08-14 03:20:11.0,2025-08-14 03:20:16.0,SUCCESS,0.001389,2025-08-14 03:20:15.0,0
01CR7T0Z00000000003S,mt_TB_PREPARADA_ACCOUNT_2_TB_CLIENTEGRANULAR_Cli003,,MTT,32171,CLIENTE_AUDITORIA-PREPARADA,SALESFORCE - Cliente,0Nlc01DYHHse7SsRKVb76p,gXFocBE5L0qfwoEO4SrVwp,VLI_Logistica_PRD,0.0,2025-08-14 03:20:21.0,2025-08-14 03:20:26.0,SUCCESS,0.001389,2025-08-14 03:20:25.0,0
01CR7T0Z00000000003T,mt_TB_SALESFORCE_ACCOUNT_2_TB_CLIENTESEGMENTACAO_Cli002,,MTT,20941,CLIENTE_QUALIDADE-STAGING,Salesforce - Cliente,0Nlc01DYHHse7SsRKVb76p,gXFocBE5L0qfwoEO4SrVwp,VLI_Logistica_PRD,0.0,2025-08-14 03:30:03.0,2025-08-14 03:30:28.0,SUCCESS,0.006944,2025-08-14 03:30:28.0,0
01CR7T0Z00000000003U,mt_TB_SALESFORCE_ACCOUNT_2_TB_CLIENTEGESTAO_Cli002,,MTT,20940,CLIENTE_QUALIDADE-STAGING,Salesforce - Cliente,0Nlc01DYHHse7SsRKVb76p,gXFocBE5L0qfwoEO4SrVwp,VLI_Logistica_PRD,0.0,2025-08-14 03:30:33.0,2025-08-14 03:30:37.0,SUCCESS,0.001111,2025-08-14 03:30:36.0,0
01CR7T0Z00000000003S,mt_TB_PREPARADA_ACCOUNT_2_TB_CLIENTEGRANULAR_Cli003,,MTT,32172,CLIENTE_AUDITORIA-PREPARADA,SALESFORCE - Cliente,0Nlc01DYHHse7SsRKVb76p,gXFocBE5L0qfwoEO4SrVwp,VLI_Logistica_PRD,0.0,2025-08-14 03:30:38.0,2025-08-14 03:30:42.0,SUCCESS,0.001111,2025-08-14 03:30:42.0,0
01CR7T0Z00000000003T,mt_TB_SALESFORCE_ACCOUNT_2_TB_CLIENTESEGMENTACAO_Cli002,,MTT,20942,CLIENTE_QUALIDADE-STAGING,Salesforce - Cliente,0Nlc01DYHHse7SsRKVb76p,gXFocBE5L0qfwoEO4SrVwp,VLI_Logistica_PRD,0.0,2025-08-14 03:40:04.0,2025-08-14 03:40:09.0,SUCCESS,0.001389,2025-08-14 03:40:08.0,0
01CR7T0Z00000000003U,mt_TB_SALESFORCE_ACCOUNT_2_TB_CLIENTEGESTAO_Cli002,,MTT,20941,CLIENTE_QUALIDADE-STAGING,Salesforce - Cliente,0Nlc01DYHHse7SsRKVb76p,gXFocBE5L0qfwoEO4SrVwp,VLI_Logistica_PRD,0.0,2025-08-14 03:40:11.0,2025-08-14 03:40:16.0,SUCCESS,0.001389,2025-08-14 03:40:16.0,0
01CR7T0Z00000000003S,mt_TB_PREPARADA_ACCOUNT_2_TB_CLIENTEGRANULAR_Cli003,,MTT,32173,CLIENTE_AUDITORIA-PREPARADA,SALESFORCE - Cliente,0Nlc01DYHHse7SsRKVb76p,gXFocBE5L0qfwoEO4SrVwp,VLI_Logistica_PRD,0.0,2025-08-14 03:40:20.0,2025-08-14 03:40:24.0,SUCCESS,0.001111,2025-08-14 03:40:24.0,0
01CR7T0Z00000000003T,mt_TB_SALESFORCE_ACCOUNT_2_TB_CLIENTESEGMENTACAO_Cli002,,MTT,20943,CLIENTE_QUALIDADE-STAGING,Salesforce - Cliente,0Nlc01DYHHse7SsRKVb76p,gXFocBE5L0qfwoEO4SrVwp,VLI_Logistica_PRD,0.0,2025-08-14 03:50:03.0,2025-08-14 03:51:17.0,SUCCESS,0.020556,2025-08-14 03:51:17.0,0
01CR7T0Z00000000003U,mt_TB_SALESFORCE_ACCOUNT_2_TB_CLIENTEGESTAO_Cli002,,MTT,20942,CLIENTE_QUALIDADE-STAGING,Salesforce - Cliente,0Nlc01DYHHse7SsRKVb76p,gXFocBE5L0qfwoEO4SrVwp,VLI_Logistica_PRD,0.0,2025-08-14 03:51:22.0,2025-08-14 03:51:27.0,SUCCESS,0.001389,2025-08-14 03:51:26.0,0
01CR7T0Z00000000003S,mt_TB_PREPARADA_ACCOUNT_2_TB_CLIENTEGRANULAR_Cli003,,MTT,32174,CLIENTE_AUDITORIA-PREPARADA,SALESFORCE - Cliente,0Nlc01DYHHse7SsRKVb76p,gXFocBE5L0qfwoEO4SrVwp,VLI_Logistica_PRD,0.0,2025-08-14 03:51:32.0,2025-08-14 03:51:37.0,SUCCESS,0.001389,2025-08-14 03:51:37.0,0
01CR7T0Z00000000003T,mt_TB_SALESFORCE_ACCOUNT_2_TB_CLIENTESEGMENTACAO_Cli002,,MTT,20944,CLIENTE_QUALIDADE-STAGING,Salesforce - Cliente,0Nlc01DYHHse7SsRKVb76p,gXFocBE5L0qfwoEO4SrVwp,VLI_Logistica_PRD,0.0,2025-08-14 04:00:07.0,2025-08-14 04:00:13.0,SUCCESS,0.001667,2025-08-14 04:00:12.0,0
01CR7T0Z00000000003U,mt_TB_SALESFORCE_ACCOUNT_2_TB_CLIENTEGESTAO_Cli002,,MTT,20943,CLIENTE_QUALIDADE-STAGING,Salesforce - Cliente,0Nlc01DYHHse7SsRKVb76p,gXFocBE5L0qfwoEO4SrVwp,VLI_Logistica_PRD,0.0,2025-08-14 04:00:15.0,2025-08-14 04:00:37.0,SUCCESS,0.006111,2025-08-14 04:00:38.0,0
01CR7T0Z00000000003S,mt_TB_PREPARADA_ACCOUNT_2_TB_CLIENTEGRANULAR_Cli003,,MTT,32175,CLIENTE_AUDITORIA-PREPARADA,SALESFORCE - Cliente,0Nlc01DYHHse7SsRKVb76p,gXFocBE5L0qfwoEO4SrVwp,VLI_Logistica_PRD,0.0,2025-08-14 04:00:48.0,2025-08-14 04:01:06.0,SUCCESS,0.005,2025-08-14 04:01:06.0,0
01CR7T0Z00000000003T,mt_TB_SALESFORCE_ACCOUNT_2_TB_CLIENTESEGMENTACAO_Cli002,,MTT,20945,CLIENTE_QUALIDADE-STAGING,Salesforce - Cliente,0Nlc01DYHHse7SsRKVb76p,gXFocBE5L0qfwoEO4SrVwp,VLI_Logistica_PRD,0.0,2025-08-14 04:10:02.0,2025-08-14 04:10:08.0,SUCCESS,0.001667,2025-08-14 04:10:07.0,0
01CR7T0Z00000000003U,mt_TB_SALESFORCE_ACCOUNT_2_TB_CLIENTEGESTAO_Cli002,,MTT,20944,CLIENTE_QUALIDADE-STAGING,Salesforce - Cliente,0Nlc01DYHHse7SsRKVb76p,gXFocBE5L0qfwoEO4SrVwp,VLI_Logistica_PRD,0.0,2025-08-14 04:10:12.0,2025-08-14 04:10:16.0,SUCCESS,0.001111,2025-08-14 04:10:16.0,0
01CR7T0Z00000000003S,mt_TB_PREPARADA_ACCOUNT_2_TB_CLIENTEGRANULAR_Cli003,,MTT,32176,CLIENTE_AUDITORIA-PREPARADA,SALESFORCE - Cliente,0Nlc01DYHHse7SsRKVb76p,gXFocBE5L0qfwoEO4SrVwp,VLI_Logistica_PRD,0.0,2025-08-14 04:10:22.0,2025-08-14 04:10:27.0,SUCCESS,0.001389,2025-08-14 04:10:27.0,0
01CR7T0Z00000000003T,mt_TB_SALESFORCE_ACCOUNT_2_TB_CLIENTESEGMENTACAO_Cli002,,MTT,20946,CLIENTE_QUALIDADE-STAGING,Salesforce - Cliente,0Nlc01DYHHse7SsRKVb76p,gXFocBE5L0qfwoEO4SrVwp,VLI_Logistica_PRD,0.0,2025-08-14 04:20:02.0,2025-08-14 04:22:52.0,SUCCESS,0.047222,2025-08-14 04:22:52.0,0
01CR7T0Z00000000003U,mt_TB_SALESFORCE_ACCOUNT_2_TB_CLIENTEGESTAO_Cli002,,MTT,20945,CLIENTE_QUALIDADE-STAGING,Salesforce - Cliente,0Nlc01DYHHse7SsRKVb76p,gXFocBE5L0qfwoEO4SrVwp,VLI_Logistica_PRD,0.0,2025-08-14 04:22:56.0,2025-08-14 04:23:00.0,SUCCESS,0.001111,2025-08-14 04:22:59.0,0
01CR7T0Z00000000003S,mt_TB_PREPARADA_ACCOUNT_2_TB_CLIENTEGRANULAR_Cli003,,MTT,32177,CLIENTE_AUDITORIA-PREPARADA,SALESFORCE - Cliente,0Nlc01DYHHse7SsRKVb76p,gXFocBE5L0qfwoEO4SrVwp,VLI_Logistica_PRD,0.0,2025-08-14 04:23:05.0,2025-08-14 04:23:09.0,SUCCESS,0.001111,2025-08-14 04:23:09.0,0
01CR7T0Z00000000003T,mt_TB_SALESFORCE_ACCOUNT_2_TB_CLIENTESEGMENTACAO_Cli002,,MTT,20947,CLIENTE_QUALIDADE-STAGING,Salesforce - Cliente,0Nlc01DYHHse7SsRKVb76p,gXFocBE5L0qfwoEO4SrVwp,VLI_Logistica_PRD,0.0,2025-08-14 04:30:04.0,2025-08-14 04:30:10.0,SUCCESS,0.001667,2025-08-14 04:30:10.0,0
01CR7T0Z00000000003U,mt_TB_SALESFORCE_ACCOUNT_2_TB_CLIENTEGESTAO_Cli002,,MTT,20946,CLIENTE_QUALIDADE-STAGING,Salesforce - Cliente,0Nlc01DYHHse7SsRKVb76p,gXFocBE5L0qfwoEO4SrVwp,VLI_Logistica_PRD,0.0,2025-08-14 04:30:20.0,2025-08-14 04:30:25.0,SUCCESS,0.001389,2025-08-14 04:30:25.0,0
01CR7T0Z00000000003S,mt_TB_PREPARADA_ACCOUNT_2_TB_CLIENTEGRANULAR_Cli003,,MTT,32178,CLIENTE_AUDITORIA-PREPARADA,SALESFORCE - Cliente,0Nlc01DYHHse7SsRKVb76p,gXFocBE5L0qfwoEO4SrVwp,VLI_Logistica_PRD,0.0,2025-08-14 04:30:33.0,2025-08-14 04:30:37.0,SUCCESS,0.001111,2025-08-14 04:30:37.0,0
01CR7T0Z00000000003T,mt_TB_SALESFORCE_ACCOUNT_2_TB_CLIENTESEGMENTACAO_Cli002,,MTT,20948,CLIENTE_QUALIDADE-STAGING,Salesforce - Cliente,0Nlc01DYHHse7SsRKVb76p,gXFocBE5L0qfwoEO4SrVwp,VLI_Logistica_PRD,0.0,2025-08-14 04:40:03.0,2025-08-14 04:40:44.0,SUCCESS,0.011389,2025-08-14 04:40:44.0,0
01CR7T0Z00000000003U,mt_TB_SALESFORCE_ACCOUNT_2_TB_CLIENTEGESTAO_Cli002,,MTT,20947,CLIENTE_QUALIDADE-STAGING,Salesforce - Cliente,0Nlc01DYHHse7SsRKVb76p,gXFocBE5L0qfwoEO4SrVwp,VLI_Logistica_PRD,0.0,2025-08-14 04:40:51.0,2025-08-14 04:40:54.0,SUCCESS,8.33E-4,2025-08-14 04:40:54.0,0
01CR7T0Z00000000003S,mt_TB_PREPARADA_ACCOUNT_2_TB_CLIENTEGRANULAR_Cli003,,MTT,32179,CLIENTE_AUDITORIA-PREPARADA,SALESFORCE - Cliente,0Nlc01DYHHse7SsRKVb76p,gXFocBE5L0qfwoEO4SrVwp,VLI_Logistica_PRD,0.0,2025-08-14 04:40:59.0,2025-08-14 04:41:03.0,SUCCESS,0.001111,2025-08-14 04:41:03.0,0
01CR7T0Z00000000003T,mt_TB_SALESFORCE_ACCOUNT_2_TB_CLIENTESEGMENTACAO_Cli002,,MTT,20949,CLIENTE_QUALIDADE-STAGING,Salesforce - Cliente,0Nlc01DYHHse7SsRKVb76p,gXFocBE5L0qfwoEO4SrVwp,VLI_Logistica_PRD,0.0,2025-08-14 04:50:03.0,2025-08-14 04:50:08.0,SUCCESS,0.001389,2025-08-14 04:50:07.0,0
01CR7T0Z00000000003U,mt_TB_SALESFORCE_ACCOUNT_2_TB_CLIENTEGESTAO_Cli002,,MTT,20948,CLIENTE_QUALIDADE-STAGING,Salesforce - Cliente,0Nlc01DYHHse7SsRKVb76p,gXFocBE5L0qfwoEO4SrVwp,VLI_Logistica_PRD,0.0,2025-08-14 04:50:11.0,2025-08-14 04:50:15.0,SUCCESS,0.001111,2025-08-14 04:50:15.0,0
01CR7T0Z00000000003S,mt_TB_PREPARADA_ACCOUNT_2_TB_CLIENTEGRANULAR_Cli003,,MTT,32180,CLIENTE_AUDITORIA-PREPARADA,SALESFORCE - Cliente,0Nlc01DYHHse7SsRKVb76p,gXFocBE5L0qfwoEO4SrVwp,VLI_Logistica_PRD,0.0,2025-08-14 04:50:21.0,2025-08-14 04:50:26.0,SUCCESS,0.001389,2025-08-14 04:50:25.0,0
01CR7T0Z00000000003T,mt_TB_SALESFORCE_ACCOUNT_2_TB_CLIENTESEGMENTACAO_Cli002,,MTT,20950,CLIENTE_QUALIDADE-STAGING,Salesforce - Cliente,0Nlc01DYHHse7SsRKVb76p,gXFocBE5L0qfwoEO4SrVwp,VLI_Logistica_PRD,0.0,2025-08-14 05:00:06.0,2025-08-14 05:00:13.0,SUCCESS,0.001944,2025-08-14 05:00:13.0,0
01CR7T0Z00000000003U,mt_TB_SALESFORCE_ACCOUNT_2_TB_CLIENTEGESTAO_Cli002,,MTT,20949,CLIENTE_QUALIDADE-STAGING,Salesforce - Cliente,0Nlc01DYHHse7SsRKVb76p,gXFocBE5L0qfwoEO4SrVwp,VLI_Logistica_PRD,0.0,2025-08-14 05:00:20.0,2025-08-14 05:00:25.0,SUCCESS,0.001389,2025-08-14 05:00:25.0,0
01CR7T0Z00000000003S,mt_TB_PREPARADA_ACCOUNT_2_TB_CLIENTEGRANULAR_Cli003,,MTT,32181,CLIENTE_AUDITORIA-PREPARADA,SALESFORCE - Cliente,0Nlc01DYHHse7SsRKVb76p,gXFocBE5L0qfwoEO4SrVwp,VLI_Logistica_PRD,0.0,2025-08-14 05:00:36.0,2025-08-14 05:00:45.0,SUCCESS,0.0025,2025-08-14 05:00:45.0,0
01CR7T0Z00000000003T,mt_TB_SALESFORCE_ACCOUNT_2_TB_CLIENTESEGMENTACAO_Cli002,,MTT,20951,CLIENTE_QUALIDADE-STAGING,Salesforce - Cliente,0Nlc01DYHHse7SsRKVb76p,gXFocBE5L0qfwoEO4SrVwp,VLI_Logistica_PRD,0.0,2025-08-14 05:10:03.0,2025-08-14 05:10:09.0,SUCCESS,0.001667,2025-08-14 05:10:08.0,0
01CR7T0Z00000000003U,mt_TB_SALESFORCE_ACCOUNT_2_TB_CLIENTEGESTAO_Cli002,,MTT,20950,CLIENTE_QUALIDADE-STAGING,Salesforce - Cliente,0Nlc01DYHHse7SsRKVb76p,gXFocBE5L0qfwoEO4SrVwp,VLI_Logistica_PRD,0.0,2025-08-14 05:10:13.0,2025-08-14 05:10:17.0,SUCCESS,0.001111,2025-08-14 05:10:17.0,0
01CR7T0Z00000000003S,mt_TB_PREPARADA_ACCOUNT_2_TB_CLIENTEGRANULAR_Cli003,,MTT,32182,CLIENTE_AUDITORIA-PREPARADA,SALESFORCE - Cliente,0Nlc01DYHHse7SsRKVb76p,gXFocBE5L0qfwoEO4SrVwp,VLI_Logistica_PRD,0.0,2025-08-14 05:10:23.0,2025-08-14 05:10:27.0,SUCCESS,0.001111,2025-08-14 05:10:26.0,0
01CR7T0Z00000000003T,mt_TB_SALESFORCE_ACCOUNT_2_TB_CLIENTESEGMENTACAO_Cli002,,MTT,20952,CLIENTE_QUALIDADE-STAGING,Salesforce - Cliente,0Nlc01DYHHse7SsRKVb76p,gXFocBE5L0qfwoEO4SrVwp,VLI_Logistica_PRD,0.0,2025-08-14 05:20:02.0,2025-08-14 05:20:07.0,SUCCESS,0.001389,2025-08-14 05:20:07.0,0
01CR7T0Z00000000003U,mt_TB_SALESFORCE_ACCOUNT_2_TB_CLIENTEGESTAO_Cli002,,MTT,20951,CLIENTE_QUALIDADE-STAGING,Salesforce - Cliente,0Nlc01DYHHse7SsRKVb76p,gXFocBE5L0qfwoEO4SrVwp,VLI_Logistica_PRD,0.0,2025-08-14 05:20:10.0,2025-08-14 05:20:14.0,SUCCESS,0.001111,2025-08-14 05:20:13.0,0
01CR7T0Z00000000003S,mt_TB_PREPARADA_ACCOUNT_2_TB_CLIENTEGRANULAR_Cli003,,MTT,32183,CLIENTE_AUDITORIA-PREPARADA,SALESFORCE - Cliente,0Nlc01DYHHse7SsRKVb76p,gXFocBE5L0qfwoEO4SrVwp,VLI_Logistica_PRD,0.0,2025-08-14 05:20:20.0,2025-08-14 05:20:24.0,SUCCESS,0.001111,2025-08-14 05:20:24.0,0
01CR7T0Z00000000003T,mt_TB_SALESFORCE_ACCOUNT_2_TB_CLIENTESEGMENTACAO_Cli002,,MTT,20957,CLIENTE_QUALIDADE-STAGING,Salesforce - Cliente,0Nlc01DYHHse7SsRKVb76p,gXFocBE5L0qfwoEO4SrVwp,VLI_Logistica_PRD,0.0,2025-08-14 06:10:03.0,2025-08-14 06:11:11.0,SUCCESS,0.018889,2025-08-14 06:11:11.0,0
01CR7T0Z00000000003U,mt_TB_SALESFORCE_ACCOUNT_2_TB_CLIENTEGESTAO_Cli002,,MTT,20956,CLIENTE_QUALIDADE-STAGING,Salesforce - Cliente,0Nlc01DYHHse7SsRKVb76p,gXFocBE5L0qfwoEO4SrVwp,VLI_Logistica_PRD,0.0,2025-08-14 06:11:14.0,2025-08-14 06:11:18.0,SUCCESS,0.001111,2025-08-14 06:11:18.0,0
01CR7T0Z00000000003S,mt_TB_PREPARADA_ACCOUNT_2_TB_CLIENTEGRANULAR_Cli003,,MTT,32188,CLIENTE_AUDITORIA-PREPARADA,SALESFORCE - Cliente,0Nlc01DYHHse7SsRKVb76p,gXFocBE5L0qfwoEO4SrVwp,VLI_Logistica_PRD,0.0,2025-08-14 06:11:23.0,2025-08-14 06:11:29.0,SUCCESS,0.001667,2025-08-14 06:11:29.0,0
01CR7T0Z00000000003T,mt_TB_SALESFORCE_ACCOUNT_2_TB_CLIENTESEGMENTACAO_Cli002,,MTT,20958,CLIENTE_QUALIDADE-STAGING,Salesforce - Cliente,0Nlc01DYHHse7SsRKVb76p,gXFocBE5L0qfwoEO4SrVwp,VLI_Logistica_PRD,0.0,2025-08-14 06:20:03.0,2025-08-14 06:20:09.0,SUCCESS,0.001667,2025-08-14 06:20:09.0,0
01CR7T0Z00000000003U,mt_TB_SALESFORCE_ACCOUNT_2_TB_CLIENTEGESTAO_Cli002,,MTT,20957,CLIENTE_QUALIDADE-STAGING,Salesforce - Cliente,0Nlc01DYHHse7SsRKVb76p,gXFocBE5L0qfwoEO4SrVwp,VLI_Logistica_PRD,0.0,2025-08-14 06:20:17.0,2025-08-14 06:20:21.0,SUCCESS,0.001111,2025-08-14 06:20:20.0,0
01CR7T0Z00000000003S,mt_TB_PREPARADA_ACCOUNT_2_TB_CLIENTEGRANULAR_Cli003,,MTT,32189,CLIENTE_AUDITORIA-PREPARADA,SALESFORCE - Cliente,0Nlc01DYHHse7SsRKVb76p,gXFocBE5L0qfwoEO4SrVwp,VLI_Logistica_PRD,0.0,2025-08-14 06:20:25.0,2025-08-14 06:20:30.0,SUCCESS,0.001389,2025-08-14 06:20:30.0,0
01CR7T0Z00000000003T,mt_TB_SALESFORCE_ACCOUNT_2_TB_CLIENTESEGMENTACAO_Cli002,,MTT,20959,CLIENTE_QUALIDADE-STAGING,Salesforce - Cliente,0Nlc01DYHHse7SsRKVb76p,gXFocBE5L0qfwoEO4SrVwp,VLI_Logistica_PRD,0.0,2025-08-14 06:30:02.0,2025-08-14 06:30:08.0,SUCCESS,0.001667,2025-08-14 06:30:08.0,0
01CR7T0Z00000000003U,mt_TB_SALESFORCE_ACCOUNT_2_TB_CLIENTEGESTAO_Cli002,,MTT,20958,CLIENTE_QUALIDADE-STAGING,Salesforce - Cliente,0Nlc01DYHHse7SsRKVb76p,gXFocBE5L0qfwoEO4SrVwp,VLI_Logistica_PRD,0.0,2025-08-14 06:30:14.0,2025-08-14 06:30:21.0,SUCCESS,0.001944,2025-08-14 06:30:20.0,0
01CR7T0Z00000000003S,mt_TB_PREPARADA_ACCOUNT_2_TB_CLIENTEGRANULAR_Cli003,,MTT,32190,CLIENTE_AUDITORIA-PREPARADA,SALESFORCE - Cliente,0Nlc01DYHHse7SsRKVb76p,gXFocBE5L0qfwoEO4SrVwp,VLI_Logistica_PRD,0.0,2025-08-14 06:30:23.0,2025-08-14 06:30:29.0,SUCCESS,0.001667,2025-08-14 06:30:29.0,0
01CR7T0Z00000000003T,mt_TB_SALESFORCE_ACCOUNT_2_TB_CLIENTESEGMENTACAO_Cli002,,MTT,20960,CLIENTE_QUALIDADE-STAGING,Salesforce - Cliente,0Nlc01DYHHse7SsRKVb76p,gXFocBE5L0qfwoEO4SrVwp,VLI_Logistica_PRD,0.0,2025-08-14 06:40:03.0,2025-08-14 06:41:36.0,SUCCESS,0.025833,2025-08-14 06:41:36.0,0
01CR7T0Z00000000003U,mt_TB_SALESFORCE_ACCOUNT_2_TB_CLIENTEGESTAO_Cli002,,MTT,20959,CLIENTE_QUALIDADE-STAGING,Salesforce - Cliente,0Nlc01DYHHse7SsRKVb76p,gXFocBE5L0qfwoEO4SrVwp,VLI_Logistica_PRD,0.0,2025-08-14 06:41:42.0,2025-08-14 06:41:46.0,SUCCESS,0.001111,2025-08-14 06:41:46.0,0
01CR7T0Z00000000003S,mt_TB_PREPARADA_ACCOUNT_2_TB_CLIENTEGRANULAR_Cli003,,MTT,32191,CLIENTE_AUDITORIA-PREPARADA,SALESFORCE - Cliente,0Nlc01DYHHse7SsRKVb76p,gXFocBE5L0qfwoEO4SrVwp,VLI_Logistica_PRD,0.0,2025-08-14 06:41:51.0,2025-08-14 06:41:55.0,SUCCESS,0.001111,2025-08-14 06:41:54.0,0
01CR7T0Z00000000003T,mt_TB_SALESFORCE_ACCOUNT_2_TB_CLIENTESEGMENTACAO_Cli002,,MTT,20961,CLIENTE_QUALIDADE-STAGING,Salesforce - Cliente,0Nlc01DYHHse7SsRKVb76p,gXFocBE5L0qfwoEO4SrVwp,VLI_Logistica_PRD,0.0,2025-08-14 06:50:02.0,2025-08-14 06:50:08.0,SUCCESS,0.001667,2025-08-14 06:50:07.0,0
01CR7T0Z00000000003U,mt_TB_SALESFORCE_ACCOUNT_2_TB_CLIENTEGESTAO_Cli002,,MTT,20960,CLIENTE_QUALIDADE-STAGING,Salesforce - Cliente,0Nlc01DYHHse7SsRKVb76p,gXFocBE5L0qfwoEO4SrVwp,VLI_Logistica_PRD,0.0,2025-08-14 06:50:13.0,2025-08-14 06:50:16.0,SUCCESS,8.33E-4,2025-08-14 06:50:16.0,0
01CR7T0Z00000000003S,mt_TB_PREPARADA_ACCOUNT_2_TB_CLIENTEGRANULAR_Cli003,,MTT,32192,CLIENTE_AUDITORIA-PREPARADA,SALESFORCE - Cliente,0Nlc01DYHHse7SsRKVb76p,gXFocBE5L0qfwoEO4SrVwp,VLI_Logistica_PRD,0.0,2025-08-14 06:50:18.0,2025-08-14 06:50:23.0,SUCCESS,0.001389,2025-08-14 06:50:23.0,0
01CR7T0Z00000000003T,mt_TB_SALESFORCE_ACCOUNT_2_TB_CLIENTESEGMENTACAO_Cli002,,MTT,20962,CLIENTE_QUALIDADE-STAGING,Salesforce - Cliente,0Nlc01DYHHse7SsRKVb76p,gXFocBE5L0qfwoEO4SrVwp,VLI_Logistica_PRD,0.0,2025-08-14 07:00:07.0,2025-08-14 07:00:48.0,SUCCESS,0.011389,2025-08-14 07:00:48.0,0
01CR7T0Z00000000003U,mt_TB_SALESFORCE_ACCOUNT_2_TB_CLIENTEGESTAO_Cli002,,MTT,20961,CLIENTE_QUALIDADE-STAGING,Salesforce - Cliente,0Nlc01DYHHse7SsRKVb76p,gXFocBE5L0qfwoEO4SrVwp,VLI_Logistica_PRD,0.0,2025-08-14 07:00:56.0,2025-08-14 07:01:12.0,SUCCESS,0.004444,2025-08-14 07:01:12.0,0
01CR7T0Z00000000003S,mt_TB_PREPARADA_ACCOUNT_2_TB_CLIENTEGRANULAR_Cli003,,MTT,32193,CLIENTE_AUDITORIA-PREPARADA,SALESFORCE - Cliente,0Nlc01DYHHse7SsRKVb76p,gXFocBE5L0qfwoEO4SrVwp,VLI_Logistica_PRD,0.0,2025-08-14 07:01:20.0,2025-08-14 07:01:28.0,SUCCESS,0.002222,2025-08-14 07:01:29.0,0
01CR7T0Z00000000003T,mt_TB_SALESFORCE_ACCOUNT_2_TB_CLIENTESEGMENTACAO_Cli002,,MTT,20963,CLIENTE_QUALIDADE-STAGING,Salesforce - Cliente,0Nlc01DYHHse7SsRKVb76p,gXFocBE5L0qfwoEO4SrVwp,VLI_Logistica_PRD,0.0,2025-08-14 07:10:03.0,2025-08-14 07:10:10.0,SUCCESS,0.001944,2025-08-14 07:10:10.0,0
01CR7T0Z00000000003U,mt_TB_SALESFORCE_ACCOUNT_2_TB_CLIENTEGESTAO_Cli002,,MTT,20962,CLIENTE_QUALIDADE-STAGING,Salesforce - Cliente,0Nlc01DYHHse7SsRKVb76p,gXFocBE5L0qfwoEO4SrVwp,VLI_Logistica_PRD,0.0,2025-08-14 07:10:15.0,2025-08-14 07:10:19.0,SUCCESS,0.001111,2025-08-14 07:10:18.0,0
01CR7T0Z00000000003S,mt_TB_PREPARADA_ACCOUNT_2_TB_CLIENTEGRANULAR_Cli003,,MTT,32194,CLIENTE_AUDITORIA-PREPARADA,SALESFORCE - Cliente,0Nlc01DYHHse7SsRKVb76p,gXFocBE5L0qfwoEO4SrVwp,VLI_Logistica_PRD,0.0,2025-08-14 07:10:25.0,2025-08-14 07:10:29.0,SUCCESS,0.001111,2025-08-14 07:10:29.0,0
01CR7T0Z00000000003T,mt_TB_SALESFORCE_ACCOUNT_2_TB_CLIENTESEGMENTACAO_Cli002,,MTT,20964,CLIENTE_QUALIDADE-STAGING,Salesforce - Cliente,0Nlc01DYHHse7SsRKVb76p,gXFocBE5L0qfwoEO4SrVwp,VLI_Logistica_PRD,0.0,2025-08-14 07:20:02.0,2025-08-14 07:20:43.0,SUCCESS,0.011389,2025-08-14 07:20:43.0,0
01CR7T0Z00000000003U,mt_TB_SALESFORCE_ACCOUNT_2_TB_CLIENTEGESTAO_Cli002,,MTT,20963,CLIENTE_QUALIDADE-STAGING,Salesforce - Cliente,0Nlc01DYHHse7SsRKVb76p,gXFocBE5L0qfwoEO4SrVwp,VLI_Logistica_PRD,0.0,2025-08-14 07:20:47.0,2025-08-14 07:20:52.0,SUCCESS,0.001389,2025-08-14 07:20:52.0,0
01CR7T0Z00000000003S,mt_TB_PREPARADA_ACCOUNT_2_TB_CLIENTEGRANULAR_Cli003,,MTT,32195,CLIENTE_AUDITORIA-PREPARADA,SALESFORCE - Cliente,0Nlc01DYHHse7SsRKVb76p,gXFocBE5L0qfwoEO4SrVwp,VLI_Logistica_PRD,0.0,2025-08-14 07:20:57.0,2025-08-14 07:21:01.0,SUCCESS,0.001111,2025-08-14 07:21:01.0,0
01CR7T0Z00000000003T,mt_TB_SALESFORCE_ACCOUNT_2_TB_CLIENTESEGMENTACAO_Cli002,,MTT,20965,CLIENTE_QUALIDADE-STAGING,Salesforce - Cliente,0Nlc01DYHHse7SsRKVb76p,gXFocBE5L0qfwoEO4SrVwp,VLI_Logistica_PRD,0.0,2025-08-14 07:30:02.0,2025-08-14 07:30:08.0,SUCCESS,0.001667,2025-08-14 07:30:09.0,0
01CR7T0Z00000000003U,mt_TB_SALESFORCE_ACCOUNT_2_TB_CLIENTEGESTAO_Cli002,,MTT,20964,CLIENTE_QUALIDADE-STAGING,Salesforce - Cliente,0Nlc01DYHHse7SsRKVb76p,gXFocBE5L0qfwoEO4SrVwp,VLI_Logistica_PRD,0.0,2025-08-14 07:30:17.0,2025-08-14 07:30:23.0,SUCCESS,0.001667,2025-08-14 07:30:23.0,0
01CR7T0Z00000000003S,mt_TB_PREPARADA_ACCOUNT_2_TB_CLIENTEGRANULAR_Cli003,,MTT,32196,CLIENTE_AUDITORIA-PREPARADA,SALESFORCE - Cliente,0Nlc01DYHHse7SsRKVb76p,gXFocBE5L0qfwoEO4SrVwp,VLI_Logistica_PRD,0.0,2025-08-14 07:30:26.0,2025-08-14 07:30:31.0,SUCCESS,0.001389,2025-08-14 07:30:31.0,0
01CR7T0Z00000000003T,mt_TB_SALESFORCE_ACCOUNT_2_TB_CLIENTESEGMENTACAO_Cli002,,MTT,20966,CLIENTE_QUALIDADE-STAGING,Salesforce - Cliente,0Nlc01DYHHse7SsRKVb76p,gXFocBE5L0qfwoEO4SrVwp,VLI_Logistica_PRD,0.0,2025-08-14 07:40:02.0,2025-08-14 07:40:08.0,SUCCESS,0.001667,2025-08-14 07:40:07.0,0
01CR7T0Z00000000003U,mt_TB_SALESFORCE_ACCOUNT_2_TB_CLIENTEGESTAO_Cli002,,MTT,20965,CLIENTE_QUALIDADE-STAGING,Salesforce - Cliente,0Nlc01DYHHse7SsRKVb76p,gXFocBE5L0qfwoEO4SrVwp,VLI_Logistica_PRD,0.0,2025-08-14 07:40:13.0,2025-08-14 07:40:17.0,SUCCESS,0.001111,2025-08-14 07:40:16.0,0
01CR7T0Z00000000003S,mt_TB_PREPARADA_ACCOUNT_2_TB_CLIENTEGRANULAR_Cli003,,MTT,32197,CLIENTE_AUDITORIA-PREPARADA,SALESFORCE - Cliente,0Nlc01DYHHse7SsRKVb76p,gXFocBE5L0qfwoEO4SrVwp,VLI_Logistica_PRD,0.0,2025-08-14 07:40:23.0,2025-08-14 07:40:28.0,SUCCESS,0.001389,2025-08-14 07:40:28.0,0
01CR7T0Z00000000003T,mt_TB_SALESFORCE_ACCOUNT_2_TB_CLIENTESEGMENTACAO_Cli002,,MTT,20967,CLIENTE_QUALIDADE-STAGING,Salesforce - Cliente,0Nlc01DYHHse7SsRKVb76p,gXFocBE5L0qfwoEO4SrVwp,VLI_Logistica_PRD,0.0,2025-08-14 07:50:03.0,2025-08-14 07:50:08.0,SUCCESS,0.001389,2025-08-14 07:50:07.0,0
01CR7T0Z00000000003U,mt_TB_SALESFORCE_ACCOUNT_2_TB_CLIENTEGESTAO_Cli002,,MTT,20966,CLIENTE_QUALIDADE-STAGING,Salesforce - Cliente,0Nlc01DYHHse7SsRKVb76p,gXFocBE5L0qfwoEO4SrVwp,VLI_Logistica_PRD,0.0,2025-08-14 07:50:10.0,2025-08-14 07:50:15.0,SUCCESS,0.001389,2025-08-14 07:50:15.0,0
01CR7T0Z00000000003S,mt_TB_PREPARADA_ACCOUNT_2_TB_CLIENTEGRANULAR_Cli003,,MTT,32198,CLIENTE_AUDITORIA-PREPARADA,SALESFORCE - Cliente,0Nlc01DYHHse7SsRKVb76p,gXFocBE5L0qfwoEO4SrVwp,VLI_Logistica_PRD,0.0,2025-08-14 07:50:20.0,2025-08-14 07:50:24.0,SUCCESS,0.001111,2025-08-14 07:50:24.0,0
01CR7T0Z00000000003T,mt_TB_SALESFORCE_ACCOUNT_2_TB_CLIENTESEGMENTACAO_Cli002,,MTT,20968,CLIENTE_QUALIDADE-STAGING,Salesforce - Cliente,0Nlc01DYHHse7SsRKVb76p,gXFocBE5L0qfwoEO4SrVwp,VLI_Logistica_PRD,0.0,2025-08-14 08:00:08.0,2025-08-14 08:01:23.0,SUCCESS,0.020833,2025-08-14 08:01:23.0,0
01CR7T0Z00000000003U,mt_TB_SALESFORCE_ACCOUNT_2_TB_CLIENTEGESTAO_Cli002,,MTT,20967,CLIENTE_QUALIDADE-STAGING,Salesforce - Cliente,0Nlc01DYHHse7SsRKVb76p,gXFocBE5L0qfwoEO4SrVwp,VLI_Logistica_PRD,0.0,2025-08-14 08:01:30.0,2025-08-14 08:02:20.0,SUCCESS,0.013889,2025-08-14 08:02:20.0,0
01CR7T0Z00000000003S,mt_TB_PREPARADA_ACCOUNT_2_TB_CLIENTEGRANULAR_Cli003,,MTT,32199,CLIENTE_AUDITORIA-PREPARADA,SALESFORCE - Cliente,0Nlc01DYHHse7SsRKVb76p,gXFocBE5L0qfwoEO4SrVwp,VLI_Logistica_PRD,0.0,2025-08-14 08:02:23.0,2025-08-14 08:02:27.0,SUCCESS,0.001111,2025-08-14 08:02:27.0,0
01CR7T0Z00000000003T,mt_TB_SALESFORCE_ACCOUNT_2_TB_CLIENTESEGMENTACAO_Cli002,,MTT,20969,CLIENTE_QUALIDADE-STAGING,Salesforce - Cliente,0Nlc01DYHHse7SsRKVb76p,gXFocBE5L0qfwoEO4SrVwp,VLI_Logistica_PRD,0.0,2025-08-14 08:10:03.0,2025-08-14 08:11:19.0,SUCCESS,0.021111,2025-08-14 08:11:18.0,0
01CR7T0Z00000000003U,mt_TB_SALESFORCE_ACCOUNT_2_TB_CLIENTEGESTAO_Cli002,,MTT,20968,CLIENTE_QUALIDADE-STAGING,Salesforce - Cliente,0Nlc01DYHHse7SsRKVb76p,gXFocBE5L0qfwoEO4SrVwp,VLI_Logistica_PRD,0.0,2025-08-14 08:11:22.0,2025-08-14 08:11:27.0,SUCCESS,0.001389,2025-08-14 08:11:26.0,0
01CR7T0Z00000000003S,mt_TB_PREPARADA_ACCOUNT_2_TB_CLIENTEGRANULAR_Cli003,,MTT,32200,CLIENTE_AUDITORIA-PREPARADA,SALESFORCE - Cliente,0Nlc01DYHHse7SsRKVb76p,gXFocBE5L0qfwoEO4SrVwp,VLI_Logistica_PRD,0.0,2025-08-14 08:11:31.0,2025-08-14 08:11:36.0,SUCCESS,0.001389,2025-08-14 08:11:36.0,0
01CR7T0Z00000000003T,mt_TB_SALESFORCE_ACCOUNT_2_TB_CLIENTESEGMENTACAO_Cli002,,MTT,20970,CLIENTE_QUALIDADE-STAGING,Salesforce - Cliente,0Nlc01DYHHse7SsRKVb76p,gXFocBE5L0qfwoEO4SrVwp,VLI_Logistica_PRD,0.0,2025-08-14 08:20:03.0,2025-08-14 08:20:08.0,SUCCESS,0.001389,2025-08-14 08:20:08.0,0
01CR7T0Z00000000003U,mt_TB_SALESFORCE_ACCOUNT_2_TB_CLIENTEGESTAO_Cli002,,MTT,20969,CLIENTE_QUALIDADE-STAGING,Salesforce - Cliente,0Nlc01DYHHse7SsRKVb76p,gXFocBE5L0qfwoEO4SrVwp,VLI_Logistica_PRD,0.0,2025-08-14 08:20:13.0,2025-08-14 08:20:17.0,SUCCESS,0.001111,2025-08-14 08:20:17.0,0
01CR7T0Z00000000003S,mt_TB_PREPARADA_ACCOUNT_2_TB_CLIENTEGRANULAR_Cli003,,MTT,32201,CLIENTE_AUDITORIA-PREPARADA,SALESFORCE - Cliente,0Nlc01DYHHse7SsRKVb76p,gXFocBE5L0qfwoEO4SrVwp,VLI_Logistica_PRD,0.0,2025-08-14 08:20:24.0,2025-08-14 08:20:28.0,SUCCESS,0.001111,2025-08-14 08:20:28.0,0
01CR7T0Z00000000003T,mt_TB_SALESFORCE_ACCOUNT_2_TB_CLIENTESEGMENTACAO_Cli002,,MTT,20971,CLIENTE_QUALIDADE-STAGING,Salesforce - Cliente,0Nlc01DYHHse7SsRKVb76p,gXFocBE5L0qfwoEO4SrVwp,VLI_Logistica_PRD,0.0,2025-08-14 08:30:03.0,2025-08-14 08:30:08.0,SUCCESS,0.001389,2025-08-14 08:30:08.0,0
01CR7T0Z00000000003U,mt_TB_SALESFORCE_ACCOUNT_2_TB_CLIENTEGESTAO_Cli002,,MTT,20970,CLIENTE_QUALIDADE-STAGING,Salesforce - Cliente,0Nlc01DYHHse7SsRKVb76p,gXFocBE5L0qfwoEO4SrVwp,VLI_Logistica_PRD,0.01199760047990402,2025-08-14 08:30:13.0,2025-08-14 08:30:26.0,SUCCESS,0.003611,2025-08-14 08:30:26.0,0
01CR7T0Z00000000003S,mt_TB_PREPARADA_ACCOUNT_2_TB_CLIENTEGRANULAR_Cli003,,MTT,32202,CLIENTE_AUDITORIA-PREPARADA,SALESFORCE - Cliente,0Nlc01DYHHse7SsRKVb76p,gXFocBE5L0qfwoEO4SrVwp,VLI_Logistica_PRD,0.0,2025-08-14 08:30:31.0,2025-08-14 08:30:36.0,SUCCESS,0.001389,2025-08-14 08:30:36.0,0
01CR7T0Z00000000003T,mt_TB_SALESFORCE_ACCOUNT_2_TB_CLIENTESEGMENTACAO_Cli002,,MTT,20972,CLIENTE_QUALIDADE-STAGING,Salesforce - Cliente,0Nlc01DYHHse7SsRKVb76p,gXFocBE5L0qfwoEO4SrVwp,VLI_Logistica_PRD,0.0,2025-08-14 08:40:03.0,2025-08-14 08:40:28.0,SUCCESS,0.006944,2025-08-14 08:40:28.0,0
01CR7T0Z00000000003U,mt_TB_SALESFORCE_ACCOUNT_2_TB_CLIENTEGESTAO_Cli002,,MTT,20971,CLIENTE_QUALIDADE-STAGING,Salesforce - Cliente,0Nlc01DYHHse7SsRKVb76p,gXFocBE5L0qfwoEO4SrVwp,VLI_Logistica_PRD,0.0,2025-08-14 08:40:34.0,2025-08-14 08:40:38.0,SUCCESS,0.001111,2025-08-14 08:40:38.0,0
01CR7T0Z00000000003S,mt_TB_PREPARADA_ACCOUNT_2_TB_CLIENTEGRANULAR_Cli003,,MTT,32203,CLIENTE_AUDITORIA-PREPARADA,SALESFORCE - Cliente,0Nlc01DYHHse7SsRKVb76p,gXFocBE5L0qfwoEO4SrVwp,VLI_Logistica_PRD,0.0,2025-08-14 08:40:44.0,2025-08-14 08:40:49.0,SUCCESS,0.001389,2025-08-14 08:40:49.0,0
01CR7T0Z00000000003T,mt_TB_SALESFORCE_ACCOUNT_2_TB_CLIENTESEGMENTACAO_Cli002,,MTT,20973,CLIENTE_QUALIDADE-STAGING,Salesforce - Cliente,0Nlc01DYHHse7SsRKVb76p,gXFocBE5L0qfwoEO4SrVwp,VLI_Logistica_PRD,0.0,2025-08-14 08:50:03.0,2025-08-14 08:50:08.0,SUCCESS,0.001389,2025-08-14 08:50:07.0,0
01CR7T0Z00000000003U,mt_TB_SALESFORCE_ACCOUNT_2_TB_CLIENTEGESTAO_Cli002,,MTT,20972,CLIENTE_QUALIDADE-STAGING,Salesforce - Cliente,0Nlc01DYHHse7SsRKVb76p,gXFocBE5L0qfwoEO4SrVwp,VLI_Logistica_PRD,0.0,2025-08-14 08:50:11.0,2025-08-14 08:50:15.0,SUCCESS,0.001111,2025-08-14 08:50:15.0,0
01CR7T0Z00000000003S,mt_TB_PREPARADA_ACCOUNT_2_TB_CLIENTEGRANULAR_Cli003,,MTT,32204,CLIENTE_AUDITORIA-PREPARADA,SALESFORCE - Cliente,0Nlc01DYHHse7SsRKVb76p,gXFocBE5L0qfwoEO4SrVwp,VLI_Logistica_PRD,0.0,2025-08-14 08:50:22.0,2025-08-14 08:50:27.0,SUCCESS,0.001389,2025-08-14 08:50:27.0,0
01CR7T0Z00000000003T,mt_TB_SALESFORCE_ACCOUNT_2_TB_CLIENTESEGMENTACAO_Cli002,,MTT,20974,CLIENTE_QUALIDADE-STAGING,Salesforce - Cliente,0Nlc01DYHHse7SsRKVb76p,gXFocBE5L0qfwoEO4SrVwp,VLI_Logistica_PRD,0.0,2025-08-14 09:00:08.0,2025-08-14 09:00:22.0,SUCCESS,0.003889,2025-08-14 09:00:23.0,0
01CR7T0Z00000000003U,mt_TB_SALESFORCE_ACCOUNT_2_TB_CLIENTEGESTAO_Cli002,,MTT,20973,CLIENTE_QUALIDADE-STAGING,Salesforce - Cliente,0Nlc01DYHHse7SsRKVb76p,gXFocBE5L0qfwoEO4SrVwp,VLI_Logistica_PRD,0.0,2025-08-14 09:00:39.0,2025-08-14 09:00:52.0,SUCCESS,0.003611,2025-08-14 09:00:52.0,0
01CR7T0Z00000000003S,mt_TB_PREPARADA_ACCOUNT_2_TB_CLIENTEGRANULAR_Cli003,,MTT,32205,CLIENTE_AUDITORIA-PREPARADA,SALESFORCE - Cliente,0Nlc01DYHHse7SsRKVb76p,gXFocBE5L0qfwoEO4SrVwp,VLI_Logistica_PRD,0.0,2025-08-14 09:00:58.0,2025-08-14 09:01:06.0,SUCCESS,0.002222,2025-08-14 09:01:07.0,0
01CR7T0Z00000000003T,mt_TB_SALESFORCE_ACCOUNT_2_TB_CLIENTESEGMENTACAO_Cli002,,MTT,20975,CLIENTE_QUALIDADE-STAGING,Salesforce - Cliente,0Nlc01DYHHse7SsRKVb76p,gXFocBE5L0qfwoEO4SrVwp,VLI_Logistica_PRD,0.0,2025-08-14 09:10:03.0,2025-08-14 09:11:18.0,SUCCESS,0.020833,2025-08-14 09:11:17.0,0
01CR7T0Z00000000003U,mt_TB_SALESFORCE_ACCOUNT_2_TB_CLIENTEGESTAO_Cli002,,MTT,20974,CLIENTE_QUALIDADE-STAGING,Salesforce - Cliente,0Nlc01DYHHse7SsRKVb76p,gXFocBE5L0qfwoEO4SrVwp,VLI_Logistica_PRD,0.0,2025-08-14 09:11:23.0,2025-08-14 09:12:24.0,SUCCESS,0.016944,2025-08-14 09:12:23.0,0
01CR7T0Z00000000003S,mt_TB_PREPARADA_ACCOUNT_2_TB_CLIENTEGRANULAR_Cli003,,MTT,32206,CLIENTE_AUDITORIA-PREPARADA,SALESFORCE - Cliente,0Nlc01DYHHse7SsRKVb76p,gXFocBE5L0qfwoEO4SrVwp,VLI_Logistica_PRD,0.0,2025-08-14 09:12:28.0,2025-08-14 09:12:32.0,SUCCESS,0.001111,2025-08-14 09:12:32.0,0
01CR7T0Z00000000003T,mt_TB_SALESFORCE_ACCOUNT_2_TB_CLIENTESEGMENTACAO_Cli002,,MTT,20976,CLIENTE_QUALIDADE-STAGING,Salesforce - Cliente,0Nlc01DYHHse7SsRKVb76p,gXFocBE5L0qfwoEO4SrVwp,VLI_Logistica_PRD,0.0,2025-08-14 09:20:02.0,2025-08-14 09:22:16.0,SUCCESS,0.037222,2025-08-14 09:22:16.0,0
01CR7T0Z00000000003U,mt_TB_SALESFORCE_ACCOUNT_2_TB_CLIENTEGESTAO_Cli002,,MTT,20975,CLIENTE_QUALIDADE-STAGING,Salesforce - Cliente,0Nlc01DYHHse7SsRKVb76p,gXFocBE5L0qfwoEO4SrVwp,VLI_Logistica_PRD,0.0,2025-08-14 09:22:21.0,2025-08-14 09:22:26.0,SUCCESS,0.001389,2025-08-14 09:22:25.0,0
01CR7T0Z00000000003S,mt_TB_PREPARADA_ACCOUNT_2_TB_CLIENTEGRANULAR_Cli003,,MTT,32207,CLIENTE_AUDITORIA-PREPARADA,SALESFORCE - Cliente,0Nlc01DYHHse7SsRKVb76p,gXFocBE5L0qfwoEO4SrVwp,VLI_Logistica_PRD,0.0,2025-08-14 09:22:30.0,2025-08-14 09:22:34.0,SUCCESS,0.001111,2025-08-14 09:22:34.0,0
01CR7T0Z00000000003T,mt_TB_SALESFORCE_ACCOUNT_2_TB_CLIENTESEGMENTACAO_Cli002,,MTT,20977,CLIENTE_QUALIDADE-STAGING,Salesforce - Cliente,0Nlc01DYHHse7SsRKVb76p,gXFocBE5L0qfwoEO4SrVwp,VLI_Logistica_PRD,0.0,2025-08-14 09:30:03.0,2025-08-14 09:32:09.0,SUCCESS,0.035,2025-08-14 09:32:09.0,0
01CR7T0Z00000000003U,mt_TB_SALESFORCE_ACCOUNT_2_TB_CLIENTEGESTAO_Cli002,,MTT,20976,CLIENTE_QUALIDADE-STAGING,Salesforce - Cliente,0Nlc01DYHHse7SsRKVb76p,gXFocBE5L0qfwoEO4SrVwp,VLI_Logistica_PRD,0.0,2025-08-14 09:32:14.0,2025-08-14 09:32:18.0,SUCCESS,0.001111,2025-08-14 09:32:18.0,0
01CR7T0Z00000000003S,mt_TB_PREPARADA_ACCOUNT_2_TB_CLIENTEGRANULAR_Cli003,,MTT,32208,CLIENTE_AUDITORIA-PREPARADA,SALESFORCE - Cliente,0Nlc01DYHHse7SsRKVb76p,gXFocBE5L0qfwoEO4SrVwp,VLI_Logistica_PRD,0.0,2025-08-14 09:32:23.0,2025-08-14 09:32:27.0,SUCCESS,0.001111,2025-08-14 09:32:27.0,0
01CR7T0Z00000000003T,mt_TB_SALESFORCE_ACCOUNT_2_TB_CLIENTESEGMENTACAO_Cli002,,MTT,20978,CLIENTE_QUALIDADE-STAGING,Salesforce - Cliente,0Nlc01DYHHse7SsRKVb76p,gXFocBE5L0qfwoEO4SrVwp,VLI_Logistica_PRD,0.0,2025-08-14 09:40:03.0,2025-08-14 09:42:16.0,SUCCESS,0.036944,2025-08-14 09:42:16.0,0
01CR7T0Z00000000003U,mt_TB_SALESFORCE_ACCOUNT_2_TB_CLIENTEGESTAO_Cli002,,MTT,20977,CLIENTE_QUALIDADE-STAGING,Salesforce - Cliente,0Nlc01DYHHse7SsRKVb76p,gXFocBE5L0qfwoEO4SrVwp,VLI_Logistica_PRD,0.0,2025-08-14 09:42:21.0,2025-08-14 09:42:25.0,SUCCESS,0.001111,2025-08-14 09:42:25.0,0
01CR7T0Z00000000003S,mt_TB_PREPARADA_ACCOUNT_2_TB_CLIENTEGRANULAR_Cli003,,MTT,32209,CLIENTE_AUDITORIA-PREPARADA,SALESFORCE - Cliente,0Nlc01DYHHse7SsRKVb76p,gXFocBE5L0qfwoEO4SrVwp,VLI_Logistica_PRD,0.0,2025-08-14 09:42:31.0,2025-08-14 09:42:35.0,SUCCESS,0.001111,2025-08-14 09:42:35.0,0
01CR7T0Z00000000003T,mt_TB_SALESFORCE_ACCOUNT_2_TB_CLIENTESEGMENTACAO_Cli002,,MTT,20979,CLIENTE_QUALIDADE-STAGING,Salesforce - Cliente,0Nlc01DYHHse7SsRKVb76p,gXFocBE5L0qfwoEO4SrVwp,VLI_Logistica_PRD,0.0,2025-08-14 09:50:03.0,2025-08-14 09:50:08.0,SUCCESS,0.001389,2025-08-14 09:50:08.0,0
01CR7T0Z00000000003U,mt_TB_SALESFORCE_ACCOUNT_2_TB_CLIENTEGESTAO_Cli002,,MTT,20978,CLIENTE_QUALIDADE-STAGING,Salesforce - Cliente,0Nlc01DYHHse7SsRKVb76p,gXFocBE5L0qfwoEO4SrVwp,VLI_Logistica_PRD,0.0,2025-08-14 09:50:12.0,2025-08-14 09:50:16.0,SUCCESS,0.001111,2025-08-14 09:50:16.0,0
01CR7T0Z00000000003S,mt_TB_PREPARADA_ACCOUNT_2_TB_CLIENTEGRANULAR_Cli003,,MTT,32210,CLIENTE_AUDITORIA-PREPARADA,SALESFORCE - Cliente,0Nlc01DYHHse7SsRKVb76p,gXFocBE5L0qfwoEO4SrVwp,VLI_Logistica_PRD,0.0,2025-08-14 09:50:23.0,2025-08-14 09:50:28.0,SUCCESS,0.001389,2025-08-14 09:50:27.0,0
01CR7T0Z00000000003T,mt_TB_SALESFORCE_ACCOUNT_2_TB_CLIENTESEGMENTACAO_Cli002,,MTT,20980,CLIENTE_QUALIDADE-STAGING,Salesforce - Cliente,0Nlc01DYHHse7SsRKVb76p,gXFocBE5L0qfwoEO4SrVwp,VLI_Logistica_PRD,0.0,2025-08-14 10:00:09.0,2025-08-14 10:00:24.0,SUCCESS,0.004167,2025-08-14 10:00:24.0,0
01CR7T0Z00000000003U,mt_TB_SALESFORCE_ACCOUNT_2_TB_CLIENTEGESTAO_Cli002,,MTT,20979,CLIENTE_QUALIDADE-STAGING,Salesforce - Cliente,0Nlc01DYHHse7SsRKVb76p,gXFocBE5L0qfwoEO4SrVwp,VLI_Logistica_PRD,0.0,2025-08-14 10:00:45.0,2025-08-14 10:01:02.0,SUCCESS,0.004722,2025-08-14 10:01:03.0,0
01CR7T0Z00000000003S,mt_TB_PREPARADA_ACCOUNT_2_TB_CLIENTEGRANULAR_Cli003,,MTT,32211,CLIENTE_AUDITORIA-PREPARADA,SALESFORCE - Cliente,0Nlc01DYHHse7SsRKVb76p,gXFocBE5L0qfwoEO4SrVwp,VLI_Logistica_PRD,0.0,2025-08-14 10:01:13.0,2025-08-14 10:01:21.0,SUCCESS,0.002222,2025-08-14 10:01:21.0,0
01CR7T0Z00000000003T,mt_TB_SALESFORCE_ACCOUNT_2_TB_CLIENTESEGMENTACAO_Cli002,,MTT,20981,CLIENTE_QUALIDADE-STAGING,Salesforce - Cliente,0Nlc01DYHHse7SsRKVb76p,gXFocBE5L0qfwoEO4SrVwp,VLI_Logistica_PRD,0.0,2025-08-14 10:10:03.0,2025-08-14 10:10:08.0,SUCCESS,0.001389,2025-08-14 10:10:07.0,0
01CR7T0Z00000000003U,mt_TB_SALESFORCE_ACCOUNT_2_TB_CLIENTEGESTAO_Cli002,,MTT,20980,CLIENTE_QUALIDADE-STAGING,Salesforce - Cliente,0Nlc01DYHHse7SsRKVb76p,gXFocBE5L0qfwoEO4SrVwp,VLI_Logistica_PRD,0.0,2025-08-14 10:10:13.0,2025-08-14 10:10:17.0,SUCCESS,0.001111,2025-08-14 10:10:17.0,0
01CR7T0Z00000000003S,mt_TB_PREPARADA_ACCOUNT_2_TB_CLIENTEGRANULAR_Cli003,,MTT,32212,CLIENTE_AUDITORIA-PREPARADA,SALESFORCE - Cliente,0Nlc01DYHHse7SsRKVb76p,gXFocBE5L0qfwoEO4SrVwp,VLI_Logistica_PRD,0.0,2025-08-14 10:10:23.0,2025-08-14 10:10:29.0,SUCCESS,0.001667,2025-08-14 10:10:28.0,0
01CR7T0Z00000000003T,mt_TB_SALESFORCE_ACCOUNT_2_TB_CLIENTESEGMENTACAO_Cli002,,MTT,20982,CLIENTE_QUALIDADE-STAGING,Salesforce - Cliente,0Nlc01DYHHse7SsRKVb76p,gXFocBE5L0qfwoEO4SrVwp,VLI_Logistica_PRD,0.0,2025-08-14 10:20:03.0,2025-08-14 10:20:08.0,SUCCESS,0.001389,2025-08-14 10:20:08.0,0
01CR7T0Z00000000003U,mt_TB_SALESFORCE_ACCOUNT_2_TB_CLIENTEGESTAO_Cli002,,MTT,20981,CLIENTE_QUALIDADE-STAGING,Salesforce - Cliente,0Nlc01DYHHse7SsRKVb76p,gXFocBE5L0qfwoEO4SrVwp,VLI_Logistica_PRD,0.0,2025-08-14 10:20:11.0,2025-08-14 10:20:16.0,SUCCESS,0.001389,2025-08-14 10:20:15.0,0
01CR7T0Z00000000003S,mt_TB_PREPARADA_ACCOUNT_2_TB_CLIENTEGRANULAR_Cli003,,MTT,32213,CLIENTE_AUDITORIA-PREPARADA,SALESFORCE - Cliente,0Nlc01DYHHse7SsRKVb76p,gXFocBE5L0qfwoEO4SrVwp,VLI_Logistica_PRD,0.0,2025-08-14 10:20:21.0,2025-08-14 10:20:25.0,SUCCESS,0.001111,2025-08-14 10:20:25.0,0
01CR7T0Z00000000003T,mt_TB_SALESFORCE_ACCOUNT_2_TB_CLIENTESEGMENTACAO_Cli002,,MTT,20983,CLIENTE_QUALIDADE-STAGING,Salesforce - Cliente,0Nlc01DYHHse7SsRKVb76p,gXFocBE5L0qfwoEO4SrVwp,VLI_Logistica_PRD,0.0,2025-08-14 10:30:04.0,2025-08-14 10:32:10.0,SUCCESS,0.035,2025-08-14 10:32:09.0,0
01CR7T0Z00000000003U,mt_TB_SALESFORCE_ACCOUNT_2_TB_CLIENTEGESTAO_Cli002,,MTT,20982,CLIENTE_QUALIDADE-STAGING,Salesforce - Cliente,0Nlc01DYHHse7SsRKVb76p,gXFocBE5L0qfwoEO4SrVwp,VLI_Logistica_PRD,0.0,2025-08-14 10:32:15.0,2025-08-14 10:32:19.0,SUCCESS,0.001111,2025-08-14 10:32:19.0,0
01CR7T0Z00000000003S,mt_TB_PREPARADA_ACCOUNT_2_TB_CLIENTEGRANULAR_Cli003,,MTT,32214,CLIENTE_AUDITORIA-PREPARADA,SALESFORCE - Cliente,0Nlc01DYHHse7SsRKVb76p,gXFocBE5L0qfwoEO4SrVwp,VLI_Logistica_PRD,0.0,2025-08-14 10:32:24.0,2025-08-14 10:32:28.0,SUCCESS,0.001111,2025-08-14 10:32:28.0,0
01CR7T0Z00000000003T,mt_TB_SALESFORCE_ACCOUNT_2_TB_CLIENTESEGMENTACAO_Cli002,,MTT,20984,CLIENTE_QUALIDADE-STAGING,Salesforce - Cliente,0Nlc01DYHHse7SsRKVb76p,gXFocBE5L0qfwoEO4SrVwp,VLI_Logistica_PRD,0.0,2025-08-14 10:40:03.0,2025-08-14 10:40:08.0,SUCCESS,0.001389,2025-08-14 10:40:08.0,0
01CR7T0Z00000000003U,mt_TB_SALESFORCE_ACCOUNT_2_TB_CLIENTEGESTAO_Cli002,,MTT,20983,CLIENTE_QUALIDADE-STAGING,Salesforce - Cliente,0Nlc01DYHHse7SsRKVb76p,gXFocBE5L0qfwoEO4SrVwp,VLI_Logistica_PRD,0.0,2025-08-14 10:40:11.0,2025-08-14 10:40:15.0,SUCCESS,0.001111,2025-08-14 10:40:14.0,0
01CR7T0Z00000000003S,mt_TB_PREPARADA_ACCOUNT_2_TB_CLIENTEGRANULAR_Cli003,,MTT,32215,CLIENTE_AUDITORIA-PREPARADA,SALESFORCE - Cliente,0Nlc01DYHHse7SsRKVb76p,gXFocBE5L0qfwoEO4SrVwp,VLI_Logistica_PRD,0.0,2025-08-14 10:40:21.0,2025-08-14 10:40:26.0,SUCCESS,0.001389,2025-08-14 10:40:26.0,0
01CR7T0Z00000000003T,mt_TB_SALESFORCE_ACCOUNT_2_TB_CLIENTESEGMENTACAO_Cli002,,MTT,20985,CLIENTE_QUALIDADE-STAGING,Salesforce - Cliente,0Nlc01DYHHse7SsRKVb76p,gXFocBE5L0qfwoEO4SrVwp,VLI_Logistica_PRD,0.0,2025-08-14 10:50:02.0,2025-08-14 10:50:07.0,SUCCESS,0.001389,2025-08-14 10:50:07.0,0
01CR7T0Z00000000003U,mt_TB_SALESFORCE_ACCOUNT_2_TB_CLIENTEGESTAO_Cli002,,MTT,20984,CLIENTE_QUALIDADE-STAGING,Salesforce - Cliente,0Nlc01DYHHse7SsRKVb76p,gXFocBE5L0qfwoEO4SrVwp,VLI_Logistica_PRD,0.0,2025-08-14 10:50:13.0,2025-08-14 10:50:17.0,SUCCESS,0.001111,2025-08-14 10:50:17.0,0
01CR7T0Z00000000003S,mt_TB_PREPARADA_ACCOUNT_2_TB_CLIENTEGRANULAR_Cli003,,MTT,32216,CLIENTE_AUDITORIA-PREPARADA,SALESFORCE - Cliente,0Nlc01DYHHse7SsRKVb76p,gXFocBE5L0qfwoEO4SrVwp,VLI_Logistica_PRD,0.0,2025-08-14 10:50:24.0,2025-08-14 10:50:28.0,SUCCESS,0.001111,2025-08-14 10:50:27.0,0
01CR7T0Z00000000001U,mt_FF_SIOPTIPLAM_TIPO_PESSOA_2_R_TB_Tipo_Pessoa_Cli001,,MTT,1866,CLIENTE_REPLICA,SIOP Portos Tiplam,0Nlc01DYHHse7SsRKVb76p,gXFocBE5L0qfwoEO4SrVwp,VLI_Logistica_PRD,0.0,2025-08-14 11:00:20.0,2025-08-14 11:01:16.0,SUCCESS,0.015556,2025-08-14 11:01:16.0,0
01CR7T0Z00000000001O,mt_FF_SIOPPORTO_Pessoa_Tipo_2_R_TB_Pessoa_Tipo_Cli001,,MTT,1866,CLIENTE_REPLICA,SIOP Portos Geral,0Nlc01DYHHse7SsRKVb76p,gXFocBE5L0qfwoEO4SrVwp,VLI_Logistica_PRD,0.062,2025-08-14 11:00:20.0,2025-08-14 11:01:38.0,SUCCESS,0.021667,2025-08-14 11:01:37.0,0
01CR7T0Z00000000003T,mt_TB_SALESFORCE_ACCOUNT_2_TB_CLIENTESEGMENTACAO_Cli002,,MTT,20986,CLIENTE_QUALIDADE-STAGING,Salesforce - Cliente,0Nlc01DYHHse7SsRKVb76p,gXFocBE5L0qfwoEO4SrVwp,VLI_Logistica_PRD,0.0,2025-08-14 11:00:08.0,2025-08-14 11:01:40.0,SUCCESS,0.025556,2025-08-14 11:01:40.0,0
01CR7T0Z00000000001X,mt_TB_PNE_ClienteExterno_2_R_TB_ClienteExterno_Cli001,,MTT,1866,CLIENTE_REPLICA,PNE,0Nlc01DYHHse7SsRKVb76p,gXFocBE5L0qfwoEO4SrVwp,VLI_Logistica_PRD,0.0,2025-08-14 11:00:22.0,2025-08-14 11:01:45.0,SUCCESS,0.023056,2025-08-14 11:01:44.0,0
01CR7T0Z00000000001P,mt_FF_SIOPTIPLAM_Pessoa_Tipo_2_R_TB_Pessoa_Tipo_Cli001,,MTT,1866,CLIENTE_REPLICA,SIOP Portos Tiplam,0Nlc01DYHHse7SsRKVb76p,gXFocBE5L0qfwoEO4SrVwp,VLI_Logistica_PRD,0.08,2025-08-14 11:00:23.0,2025-08-14 11:02:02.0,SUCCESS,0.0275,2025-08-14 11:02:02.0,0
01CR7T0Z00000000001R,mt_FF_SIOPADM_CLIENTE_Empresas_2_R_TB_Empresas_Cli001,,MTT,1866,CLIENTE_REPLICA,SIOP Terminais,0Nlc01DYHHse7SsRKVb76p,gXFocBE5L0qfwoEO4SrVwp,VLI_Logistica_PRD,0.0,2025-08-14 11:00:19.0,2025-08-14 11:02:12.0,SUCCESS,0.031389,2025-08-14 11:02:11.0,0
01CR7T0Z00000000001W,mt_TB_PNE_EXPEDIDOR_2_R_TB_Expedidor_Cli001,,MTT,1866,CLIENTE_REPLICA,PNE,0Nlc01DYHHse7SsRKVb76p,gXFocBE5L0qfwoEO4SrVwp,VLI_Logistica_PRD,0.0,2025-08-14 11:00:23.0,2025-08-14 11:02:14.0,SUCCESS,0.030833,2025-08-14 11:02:14.0,0
01CR7T0Z00000000001Q,mt_FF_SIOPPORTO_PESSOA_2_R_TB_Pessoa_Cli001,,MTT,1866,CLIENTE_REPLICA,SIOP Portos Geral,0Nlc01DYHHse7SsRKVb76p,gXFocBE5L0qfwoEO4SrVwp,VLI_Logistica_PRD,0.172,2025-08-14 11:00:22.0,2025-08-14 11:02:31.0,SUCCESS,0.035833,2025-08-14 11:02:30.0,0
01CR7T0Z00000000001T,mt_FF_SIOPTIPLAM_Pessoa_2_R_TB_Pessoa_Cli001,,MTT,1866,CLIENTE_REPLICA,SIOP Portos Tiplam,0Nlc01DYHHse7SsRKVb76p,gXFocBE5L0qfwoEO4SrVwp,VLI_Logistica_PRD,0.1839632073585283,2025-08-14 11:00:23.0,2025-08-14 11:02:49.0,SUCCESS,0.040556,2025-08-14 11:02:49.0,0
01CR7T0Z00000000003U,mt_TB_SALESFORCE_ACCOUNT_2_TB_CLIENTEGESTAO_Cli002,,MTT,20985,CLIENTE_QUALIDADE-STAGING,Salesforce - Cliente,0Nlc01DYHHse7SsRKVb76p,gXFocBE5L0qfwoEO4SrVwp,VLI_Logistica_PRD,0.0,2025-08-14 11:01:47.0,2025-08-14 11:02:52.0,SUCCESS,0.018056,2025-08-14 11:02:51.0,0
01CR7T0Z00000000003S,mt_TB_PREPARADA_ACCOUNT_2_TB_CLIENTEGRANULAR_Cli003,,MTT,32217,CLIENTE_AUDITORIA-PREPARADA,SALESFORCE - Cliente,0Nlc01DYHHse7SsRKVb76p,gXFocBE5L0qfwoEO4SrVwp,VLI_Logistica_PRD,0.0,2025-08-14 11:02:57.0,2025-08-14 11:03:01.0,SUCCESS,0.001111,2025-08-14 11:03:01.0,0
01CR7T0Z00000000001V,mt_FF_SIOPPORTO_TIPO_PESSOA_2_R_TB_Tipo_Pessoa_Cli001,,MTT,1866,CLIENTE_REPLICA,SIOP Portos Geral,0Nlc01DYHHse7SsRKVb76p,gXFocBE5L0qfwoEO4SrVwp,VLI_Logistica_PRD,0.0,2025-08-14 11:00:20.0,2025-08-14 11:03:16.0,SUCCESS,0.048889,2025-08-14 11:03:16.0,0
01CR7T0Z00000000003T,mt_TB_SALESFORCE_ACCOUNT_2_TB_CLIENTESEGMENTACAO_Cli002,,MTT,20987,CLIENTE_QUALIDADE-STAGING,Salesforce - Cliente,0Nlc01DYHHse7SsRKVb76p,gXFocBE5L0qfwoEO4SrVwp,VLI_Logistica_PRD,0.0,2025-08-14 11:03:19.0,2025-08-14 11:03:24.0,SUCCESS,0.001389,2025-08-14 11:03:24.0,0
01CR7T0Z00000000003U,mt_TB_SALESFORCE_ACCOUNT_2_TB_CLIENTEGESTAO_Cli002,,MTT,20986,CLIENTE_QUALIDADE-STAGING,Salesforce - Cliente,0Nlc01DYHHse7SsRKVb76p,gXFocBE5L0qfwoEO4SrVwp,VLI_Logistica_PRD,0.0,2025-08-14 11:03:28.0,2025-08-14 11:03:32.0,SUCCESS,0.001111,2025-08-14 11:03:31.0,0
01CR7T0Z000000000039,mt_FF_PNE_ENRIQUECIMENTO_2_TB_ClienteExterno_Cli003,,MTT,1821,CLIENTE_AUDITORIA-PREPARADA,PNE - Cliente,0Nlc01DYHHse7SsRKVb76p,gXFocBE5L0qfwoEO4SrVwp,VLI_Logistica_PRD,0.0,2025-08-14 11:03:58.0,2025-08-14 11:04:09.0,SUCCESS,0.003056,2025-08-14 11:04:09.0,0
01CR7T0Z000000000038,mt_FF_SALESFORCE_ENRIQUECIMENTO_2_TB_Account_Cli003,,MTT,1818,CLIENTE_AUDITORIA-PREPARADA,SALESFORCE - Cliente,0Nlc01DYHHse7SsRKVb76p,gXFocBE5L0qfwoEO4SrVwp,VLI_Logistica_PRD,0.23995200959808038,2025-08-14 11:04:28.0,2025-08-14 11:05:32.0,WARNING,0.017778,2025-08-14 11:05:32.0,0
01CR7T0Z00000000002Q,mt_FF_SIOP_PORTOS_ENRIQUECIMENTO_2_TB_Pessoa_Cli003,,MTT,1815,CLIENTE_AUDITORIA-PREPARADA,SIOP PORTOS - Cliente,0Nlc01DYHHse7SsRKVb76p,gXFocBE5L0qfwoEO4SrVwp,VLI_Logistica_PRD,0.0,2025-08-14 11:05:53.0,2025-08-14 11:06:02.0,SUCCESS,0.0025,2025-08-14 11:06:02.0,0
01CR7T0Z00000000003B,mt_FF_SIOP_ADM_ENRIQUECIMENTO_2_TB_Empresas_Cli003,,MTT,1815,CLIENTE_AUDITORIA-PREPARADA,SIOP ADM - Cliente,0Nlc01DYHHse7SsRKVb76p,gXFocBE5L0qfwoEO4SrVwp,VLI_Logistica_PRD,0.01199760047990402,2025-08-14 11:06:44.0,2025-08-14 11:06:59.0,SUCCESS,0.004167,2025-08-14 11:06:59.0,0
01CR7T0Z00000000003S,mt_TB_PREPARADA_ACCOUNT_2_TB_CLIENTEGRANULAR_Cli003,,MTT,32218,CLIENTE_AUDITORIA-PREPARADA,SALESFORCE - Cliente,0Nlc01DYHHse7SsRKVb76p,gXFocBE5L0qfwoEO4SrVwp,VLI_Logistica_PRD,0.0,2025-08-14 11:07:03.0,2025-08-14 11:07:07.0,SUCCESS,0.001111,2025-08-14 11:07:07.0,0
01CR7T0Z00000000003T,mt_TB_SALESFORCE_ACCOUNT_2_TB_CLIENTESEGMENTACAO_Cli002,,MTT,20988,CLIENTE_QUALIDADE-STAGING,Salesforce - Cliente,0Nlc01DYHHse7SsRKVb76p,gXFocBE5L0qfwoEO4SrVwp,VLI_Logistica_PRD,0.0,2025-08-14 11:10:03.0,2025-08-14 11:10:44.0,SUCCESS,0.011389,2025-08-14 11:10:44.0,0
01CR7T0Z00000000003U,mt_TB_SALESFORCE_ACCOUNT_2_TB_CLIENTEGESTAO_Cli002,,MTT,20987,CLIENTE_QUALIDADE-STAGING,Salesforce - Cliente,0Nlc01DYHHse7SsRKVb76p,gXFocBE5L0qfwoEO4SrVwp,VLI_Logistica_PRD,0.0,2025-08-14 11:10:49.0,2025-08-14 11:10:53.0,SUCCESS,0.001111,2025-08-14 11:10:53.0,0
01CR7T0Z00000000003S,mt_TB_PREPARADA_ACCOUNT_2_TB_CLIENTEGRANULAR_Cli003,,MTT,32219,CLIENTE_AUDITORIA-PREPARADA,SALESFORCE - Cliente,0Nlc01DYHHse7SsRKVb76p,gXFocBE5L0qfwoEO4SrVwp,VLI_Logistica_PRD,0.0,2025-08-14 11:10:54.0,2025-08-14 11:10:59.0,SUCCESS,0.001389,2025-08-14 11:10:59.0,0
01CR7T0Z00000000003T,mt_TB_SALESFORCE_ACCOUNT_2_TB_CLIENTESEGMENTACAO_Cli002,,MTT,20989,CLIENTE_QUALIDADE-STAGING,Salesforce - Cliente,0Nlc01DYHHse7SsRKVb76p,gXFocBE5L0qfwoEO4SrVwp,VLI_Logistica_PRD,0.0,2025-08-14 11:20:03.0,2025-08-14 11:23:03.0,SUCCESS,0.05,2025-08-14 11:23:03.0,0
01CR7T0Z00000000003U,mt_TB_SALESFORCE_ACCOUNT_2_TB_CLIENTEGESTAO_Cli002,,MTT,20988,CLIENTE_QUALIDADE-STAGING,Salesforce - Cliente,0Nlc01DYHHse7SsRKVb76p,gXFocBE5L0qfwoEO4SrVwp,VLI_Logistica_PRD,0.0,2025-08-14 11:23:08.0,2025-08-14 11:23:33.0,SUCCESS,0.006944,2025-08-14 11:23:32.0,0
01CR7T0Z00000000003S,mt_TB_PREPARADA_ACCOUNT_2_TB_CLIENTEGRANULAR_Cli003,,MTT,32220,CLIENTE_AUDITORIA-PREPARADA,SALESFORCE - Cliente,0Nlc01DYHHse7SsRKVb76p,gXFocBE5L0qfwoEO4SrVwp,VLI_Logistica_PRD,0.0,2025-08-14 11:23:38.0,2025-08-14 11:23:43.0,SUCCESS,0.001389,2025-08-14 11:23:42.0,0
01CR7T0Z00000000003T,mt_TB_SALESFORCE_ACCOUNT_2_TB_CLIENTESEGMENTACAO_Cli002,,MTT,20990,CLIENTE_QUALIDADE-STAGING,Salesforce - Cliente,0Nlc01DYHHse7SsRKVb76p,gXFocBE5L0qfwoEO4SrVwp,VLI_Logistica_PRD,0.0,2025-08-14 11:30:03.0,2025-08-14 11:30:09.0,SUCCESS,0.001667,2025-08-14 11:30:09.0,0
01CR7T0Z00000000003U,mt_TB_SALESFORCE_ACCOUNT_2_TB_CLIENTEGESTAO_Cli002,,MTT,20989,CLIENTE_QUALIDADE-STAGING,Salesforce - Cliente,0Nlc01DYHHse7SsRKVb76p,gXFocBE5L0qfwoEO4SrVwp,VLI_Logistica_PRD,0.0,2025-08-14 11:30:16.0,2025-08-14 11:30:23.0,SUCCESS,0.001944,2025-08-14 11:30:23.0,0
01CR7T0Z00000000003S,mt_TB_PREPARADA_ACCOUNT_2_TB_CLIENTEGRANULAR_Cli003,,MTT,32221,CLIENTE_AUDITORIA-PREPARADA,SALESFORCE - Cliente,0Nlc01DYHHse7SsRKVb76p,gXFocBE5L0qfwoEO4SrVwp,VLI_Logistica_PRD,0.0,2025-08-14 11:30:31.0,2025-08-14 11:30:37.0,SUCCESS,0.001667,2025-08-14 11:30:36.0,0
01CR7T0Z00000000003T,mt_TB_SALESFORCE_ACCOUNT_2_TB_CLIENTESEGMENTACAO_Cli002,,MTT,20991,CLIENTE_QUALIDADE-STAGING,Salesforce - Cliente,0Nlc01DYHHse7SsRKVb76p,gXFocBE5L0qfwoEO4SrVwp,VLI_Logistica_PRD,0.0,2025-08-14 11:40:04.0,2025-08-14 11:42:27.0,SUCCESS,0.039722,2025-08-14 11:42:27.0,0
01CR7T0Z00000000003U,mt_TB_SALESFORCE_ACCOUNT_2_TB_CLIENTEGESTAO_Cli002,,MTT,20990,CLIENTE_QUALIDADE-STAGING,Salesforce - Cliente,0Nlc01DYHHse7SsRKVb76p,gXFocBE5L0qfwoEO4SrVwp,VLI_Logistica_PRD,0.0,2025-08-14 11:42:34.0,2025-08-14 11:45:39.0,SUCCESS,0.051389,2025-08-14 11:45:39.0,0
01CR7T0Z00000000003S,mt_TB_PREPARADA_ACCOUNT_2_TB_CLIENTEGRANULAR_Cli003,,MTT,32222,CLIENTE_AUDITORIA-PREPARADA,SALESFORCE - Cliente,0Nlc01DYHHse7SsRKVb76p,gXFocBE5L0qfwoEO4SrVwp,VLI_Logistica_PRD,0.0,2025-08-14 11:45:45.0,2025-08-14 11:45:52.0,SUCCESS,0.001944,2025-08-14 11:45:52.0,0
01CR7T0Z00000000003T,mt_TB_SALESFORCE_ACCOUNT_2_TB_CLIENTESEGMENTACAO_Cli002,,MTT,20992,CLIENTE_QUALIDADE-STAGING,Salesforce - Cliente,0Nlc01DYHHse7SsRKVb76p,gXFocBE5L0qfwoEO4SrVwp,VLI_Logistica_PRD,0.0,2025-08-14 11:50:03.0,2025-08-14 11:51:18.0,SUCCESS,0.020833,2025-08-14 11:51:18.0,0
01CR7T0Z00000000003U,mt_TB_SALESFORCE_ACCOUNT_2_TB_CLIENTEGESTAO_Cli002,,MTT,20991,CLIENTE_QUALIDADE-STAGING,Salesforce - Cliente,0Nlc01DYHHse7SsRKVb76p,gXFocBE5L0qfwoEO4SrVwp,VLI_Logistica_PRD,0.0,2025-08-14 11:51:21.0,2025-08-14 11:51:25.0,SUCCESS,0.001111,2025-08-14 11:51:25.0,0
01CR7T0Z00000000003S,mt_TB_PREPARADA_ACCOUNT_2_TB_CLIENTEGRANULAR_Cli003,,MTT,32223,CLIENTE_AUDITORIA-PREPARADA,SALESFORCE - Cliente,0Nlc01DYHHse7SsRKVb76p,gXFocBE5L0qfwoEO4SrVwp,VLI_Logistica_PRD,0.0,2025-08-14 11:51:30.0,2025-08-14 11:51:34.0,SUCCESS,0.001111,2025-08-14 11:51:34.0,0
01CR7T0Z00000000003T,mt_TB_SALESFORCE_ACCOUNT_2_TB_CLIENTESEGMENTACAO_Cli002,,MTT,20993,CLIENTE_QUALIDADE-STAGING,Salesforce - Cliente,0Nlc01DYHHse7SsRKVb76p,gXFocBE5L0qfwoEO4SrVwp,VLI_Logistica_PRD,0.0,2025-08-14 12:00:08.0,2025-08-14 12:00:28.0,SUCCESS,0.005556,2025-08-14 12:00:28.0,0
01CR7T0Z00000000003U,mt_TB_SALESFORCE_ACCOUNT_2_TB_CLIENTEGESTAO_Cli002,,MTT,20992,CLIENTE_QUALIDADE-STAGING,Salesforce - Cliente,0Nlc01DYHHse7SsRKVb76p,gXFocBE5L0qfwoEO4SrVwp,VLI_Logistica_PRD,0.0,2025-08-14 12:00:39.0,2025-08-14 12:01:22.0,SUCCESS,0.011944,2025-08-14 12:01:21.0,0
01CR7T0Z00000000003S,mt_TB_PREPARADA_ACCOUNT_2_TB_CLIENTEGRANULAR_Cli003,,MTT,32224,CLIENTE_AUDITORIA-PREPARADA,SALESFORCE - Cliente,0Nlc01DYHHse7SsRKVb76p,gXFocBE5L0qfwoEO4SrVwp,VLI_Logistica_PRD,0.0,2025-08-14 12:01:28.0,2025-08-14 12:01:33.0,SUCCESS,0.001389,2025-08-14 12:01:33.0,0
01CR7T0Z00000000003T,mt_TB_SALESFORCE_ACCOUNT_2_TB_CLIENTESEGMENTACAO_Cli002,,MTT,20994,CLIENTE_QUALIDADE-STAGING,Salesforce - Cliente,0Nlc01DYHHse7SsRKVb76p,gXFocBE5L0qfwoEO4SrVwp,VLI_Logistica_PRD,0.0,2025-08-14 12:10:03.0,2025-08-14 12:12:37.0,SUCCESS,0.042778,2025-08-14 12:12:36.0,0
01CR7T0Z00000000003U,mt_TB_SALESFORCE_ACCOUNT_2_TB_CLIENTEGESTAO_Cli002,,MTT,20993,CLIENTE_QUALIDADE-STAGING,Salesforce - Cliente,0Nlc01DYHHse7SsRKVb76p,gXFocBE5L0qfwoEO4SrVwp,VLI_Logistica_PRD,0.0,2025-08-14 12:12:42.0,2025-08-14 12:12:50.0,SUCCESS,0.002222,2025-08-14 12:12:49.0,0
01CR7T0Z00000000003S,mt_TB_PREPARADA_ACCOUNT_2_TB_CLIENTEGRANULAR_Cli003,,MTT,32225,CLIENTE_AUDITORIA-PREPARADA,SALESFORCE - Cliente,0Nlc01DYHHse7SsRKVb76p,gXFocBE5L0qfwoEO4SrVwp,VLI_Logistica_PRD,0.0,2025-08-14 12:12:51.0,2025-08-14 12:12:56.0,SUCCESS,0.001389,2025-08-14 12:12:56.0,0
01CR7T0Z00000000003T,mt_TB_SALESFORCE_ACCOUNT_2_TB_CLIENTESEGMENTACAO_Cli002,,MTT,20995,CLIENTE_QUALIDADE-STAGING,Salesforce - Cliente,0Nlc01DYHHse7SsRKVb76p,gXFocBE5L0qfwoEO4SrVwp,VLI_Logistica_PRD,0.0,2025-08-14 12:20:04.0,2025-08-14 12:21:04.0,SUCCESS,0.016667,2025-08-14 12:21:04.0,0
01CR7T0Z00000000003U,mt_TB_SALESFORCE_ACCOUNT_2_TB_CLIENTEGESTAO_Cli002,,MTT,20994,CLIENTE_QUALIDADE-STAGING,Salesforce - Cliente,0Nlc01DYHHse7SsRKVb76p,gXFocBE5L0qfwoEO4SrVwp,VLI_Logistica_PRD,0.0,2025-08-14 12:21:08.0,2025-08-14 12:21:12.0,SUCCESS,0.001111,2025-08-14 12:21:12.0,0
01CR7T0Z00000000003S,mt_TB_PREPARADA_ACCOUNT_2_TB_CLIENTEGRANULAR_Cli003,,MTT,32226,CLIENTE_AUDITORIA-PREPARADA,SALESFORCE - Cliente,0Nlc01DYHHse7SsRKVb76p,gXFocBE5L0qfwoEO4SrVwp,VLI_Logistica_PRD,0.0,2025-08-14 12:21:18.0,2025-08-14 12:21:22.0,SUCCESS,0.001111,2025-08-14 12:21:22.0,0
01CR7T0Z00000000003T,mt_TB_SALESFORCE_ACCOUNT_2_TB_CLIENTESEGMENTACAO_Cli002,,MTT,20996,CLIENTE_QUALIDADE-STAGING,Salesforce - Cliente,0Nlc01DYHHse7SsRKVb76p,gXFocBE5L0qfwoEO4SrVwp,VLI_Logistica_PRD,0.0,2025-08-14 12:30:03.0,2025-08-14 12:31:08.0,SUCCESS,0.018056,2025-08-14 12:31:08.0,0
01CR7T0Z00000000003U,mt_TB_SALESFORCE_ACCOUNT_2_TB_CLIENTEGESTAO_Cli002,,MTT,20995,CLIENTE_QUALIDADE-STAGING,Salesforce - Cliente,0Nlc01DYHHse7SsRKVb76p,gXFocBE5L0qfwoEO4SrVwp,VLI_Logistica_PRD,0.0,2025-08-14 12:31:12.0,2025-08-14 12:31:17.0,SUCCESS,0.001389,2025-08-14 12:31:16.0,0
01CR7T0Z00000000003S,mt_TB_PREPARADA_ACCOUNT_2_TB_CLIENTEGRANULAR_Cli003,,MTT,32227,CLIENTE_AUDITORIA-PREPARADA,SALESFORCE - Cliente,0Nlc01DYHHse7SsRKVb76p,gXFocBE5L0qfwoEO4SrVwp,VLI_Logistica_PRD,0.0,2025-08-14 12:31:21.0,2025-08-14 12:31:25.0,SUCCESS,0.001111,2025-08-14 12:31:25.0,0
01CR7T0Z00000000003T,mt_TB_SALESFORCE_ACCOUNT_2_TB_CLIENTESEGMENTACAO_Cli002,,MTT,20997,CLIENTE_QUALIDADE-STAGING,Salesforce - Cliente,0Nlc01DYHHse7SsRKVb76p,gXFocBE5L0qfwoEO4SrVwp,VLI_Logistica_PRD,0.0,2025-08-14 12:40:03.0,2025-08-14 12:42:18.0,SUCCESS,0.0375,2025-08-14 12:42:18.0,0
01CR7T0Z00000000003U,mt_TB_SALESFORCE_ACCOUNT_2_TB_CLIENTEGESTAO_Cli002,,MTT,20996,CLIENTE_QUALIDADE-STAGING,Salesforce - Cliente,0Nlc01DYHHse7SsRKVb76p,gXFocBE5L0qfwoEO4SrVwp,VLI_Logistica_PRD,0.0,2025-08-14 12:42:24.0,2025-08-14 12:42:28.0,SUCCESS,0.001111,2025-08-14 12:42:28.0,0
01CR7T0Z00000000003S,mt_TB_PREPARADA_ACCOUNT_2_TB_CLIENTEGRANULAR_Cli003,,MTT,32228,CLIENTE_AUDITORIA-PREPARADA,SALESFORCE - Cliente,0Nlc01DYHHse7SsRKVb76p,gXFocBE5L0qfwoEO4SrVwp,VLI_Logistica_PRD,0.0,2025-08-14 12:42:33.0,2025-08-14 12:42:37.0,SUCCESS,0.001111,2025-08-14 12:42:37.0,0
01CR7T0Z00000000003T,mt_TB_SALESFORCE_ACCOUNT_2_TB_CLIENTESEGMENTACAO_Cli002,,MTT,20998,CLIENTE_QUALIDADE-STAGING,Salesforce - Cliente,0Nlc01DYHHse7SsRKVb76p,gXFocBE5L0qfwoEO4SrVwp,VLI_Logistica_PRD,0.0,2025-08-14 12:50:03.0,2025-08-14 12:50:08.0,SUCCESS,0.001389,2025-08-14 12:50:07.0,0
01CR7T0Z00000000003U,mt_TB_SALESFORCE_ACCOUNT_2_TB_CLIENTEGESTAO_Cli002,,MTT,20997,CLIENTE_QUALIDADE-STAGING,Salesforce - Cliente,0Nlc01DYHHse7SsRKVb76p,gXFocBE5L0qfwoEO4SrVwp,VLI_Logistica_PRD,0.0,2025-08-14 12:50:10.0,2025-08-14 12:50:15.0,SUCCESS,0.001389,2025-08-14 12:50:15.0,0
01CR7T0Z00000000003S,mt_TB_PREPARADA_ACCOUNT_2_TB_CLIENTEGRANULAR_Cli003,,MTT,32229,CLIENTE_AUDITORIA-PREPARADA,SALESFORCE - Cliente,0Nlc01DYHHse7SsRKVb76p,gXFocBE5L0qfwoEO4SrVwp,VLI_Logistica_PRD,0.0,2025-08-14 12:50:20.0,2025-08-14 12:50:25.0,SUCCESS,0.001389,2025-08-14 12:50:25.0,0
01CR7T0Z00000000003T,mt_TB_SALESFORCE_ACCOUNT_2_TB_CLIENTESEGMENTACAO_Cli002,,MTT,20999,CLIENTE_QUALIDADE-STAGING,Salesforce - Cliente,0Nlc01DYHHse7SsRKVb76p,gXFocBE5L0qfwoEO4SrVwp,VLI_Logistica_PRD,0.0,2025-08-14 13:00:06.0,2025-08-14 13:00:16.0,SUCCESS,0.002778,2025-08-14 13:00:17.0,0
01CR7T0Z00000000001Q,mt_FF_SIOPPORTO_PESSOA_2_R_TB_Pessoa_Cli001,,MTT,1867,CLIENTE_REPLICA,SIOP Portos Geral,0Nlc01DYHHse7SsRKVb76p,gXFocBE5L0qfwoEO4SrVwp,VLI_Logistica_PRD,0.10997800439912017,2025-08-14 13:00:21.0,2025-08-14 13:00:50.0,SUCCESS,0.008056,2025-08-14 13:00:50.0,0
01CR7T0Z00000000001X,mt_TB_PNE_ClienteExterno_2_R_TB_ClienteExterno_Cli001,,MTT,1867,CLIENTE_REPLICA,PNE,0Nlc01DYHHse7SsRKVb76p,gXFocBE5L0qfwoEO4SrVwp,VLI_Logistica_PRD,0.0,2025-08-14 13:00:23.0,2025-08-14 13:00:52.0,SUCCESS,0.008056,2025-08-14 13:00:53.0,0
01CR7T0Z00000000001V,mt_FF_SIOPPORTO_TIPO_PESSOA_2_R_TB_Tipo_Pessoa_Cli001,,MTT,1867,CLIENTE_REPLICA,SIOP Portos Geral,0Nlc01DYHHse7SsRKVb76p,gXFocBE5L0qfwoEO4SrVwp,VLI_Logistica_PRD,0.0,2025-08-14 13:00:24.0,2025-08-14 13:00:55.0,SUCCESS,0.008611,2025-08-14 13:00:56.0,0
01CR7T0Z00000000001P,mt_FF_SIOPTIPLAM_Pessoa_Tipo_2_R_TB_Pessoa_Tipo_Cli001,,MTT,1867,CLIENTE_REPLICA,SIOP Portos Tiplam,0Nlc01DYHHse7SsRKVb76p,gXFocBE5L0qfwoEO4SrVwp,VLI_Logistica_PRD,0.072,2025-08-14 13:00:23.0,2025-08-14 13:01:04.0,SUCCESS,0.011389,2025-08-14 13:01:04.0,0
01CR7T0Z00000000001U,mt_FF_SIOPTIPLAM_TIPO_PESSOA_2_R_TB_Tipo_Pessoa_Cli001,,MTT,1867,CLIENTE_REPLICA,SIOP Portos Tiplam,0Nlc01DYHHse7SsRKVb76p,gXFocBE5L0qfwoEO4SrVwp,VLI_Logistica_PRD,0.0,2025-08-14 13:00:25.0,2025-08-14 13:01:07.0,SUCCESS,0.011667,2025-08-14 13:01:07.0,0
01CR7T0Z00000000001R,mt_FF_SIOPADM_CLIENTE_Empresas_2_R_TB_Empresas_Cli001,,MTT,1867,CLIENTE_REPLICA,SIOP Terminais,0Nlc01DYHHse7SsRKVb76p,gXFocBE5L0qfwoEO4SrVwp,VLI_Logistica_PRD,0.0,2025-08-14 13:00:24.0,2025-08-14 13:01:11.0,SUCCESS,0.013056,2025-08-14 13:01:11.0,0
01CR7T0Z00000000001W,mt_TB_PNE_EXPEDIDOR_2_R_TB_Expedidor_Cli001,,MTT,1867,CLIENTE_REPLICA,PNE,0Nlc01DYHHse7SsRKVb76p,gXFocBE5L0qfwoEO4SrVwp,VLI_Logistica_PRD,0.0,2025-08-14 13:00:23.0,2025-08-14 13:01:14.0,SUCCESS,0.014167,2025-08-14 13:01:13.0,0
01CR7T0Z00000000001O,mt_FF_SIOPPORTO_Pessoa_Tipo_2_R_TB_Pessoa_Tipo_Cli001,,MTT,1867,CLIENTE_REPLICA,SIOP Portos Geral,0Nlc01DYHHse7SsRKVb76p,gXFocBE5L0qfwoEO4SrVwp,VLI_Logistica_PRD,0.03999200159968006,2025-08-14 13:00:24.0,2025-08-14 13:01:27.0,SUCCESS,0.0175,2025-08-14 13:01:27.0,0
01CR7T0Z00000000003U,mt_TB_SALESFORCE_ACCOUNT_2_TB_CLIENTEGESTAO_Cli002,,MTT,20998,CLIENTE_QUALIDADE-STAGING,Salesforce - Cliente,0Nlc01DYHHse7SsRKVb76p,gXFocBE5L0qfwoEO4SrVwp,VLI_Logistica_PRD,0.0,2025-08-14 13:00:33.0,2025-08-14 13:01:30.0,SUCCESS,0.015833,2025-08-14 13:01:29.0,0
01CR7T0Z00000000003S,mt_TB_PREPARADA_ACCOUNT_2_TB_CLIENTEGRANULAR_Cli003,,MTT,32230,CLIENTE_AUDITORIA-PREPARADA,SALESFORCE - Cliente,0Nlc01DYHHse7SsRKVb76p,gXFocBE5L0qfwoEO4SrVwp,VLI_Logistica_PRD,0.0,2025-08-14 13:01:34.0,2025-08-14 13:01:38.0,SUCCESS,0.001111,2025-08-14 13:01:38.0,0
01CR7T0Z00000000001T,mt_FF_SIOPTIPLAM_Pessoa_2_R_TB_Pessoa_Cli001,,MTT,1867,CLIENTE_REPLICA,SIOP Portos Tiplam,0Nlc01DYHHse7SsRKVb76p,gXFocBE5L0qfwoEO4SrVwp,VLI_Logistica_PRD,0.13,2025-08-14 13:00:25.0,2025-08-14 13:01:41.0,SUCCESS,0.021111,2025-08-14 13:01:41.0,0
01CR7T0Z00000000003T,mt_TB_SALESFORCE_ACCOUNT_2_TB_CLIENTESEGMENTACAO_Cli002,,MTT,21000,CLIENTE_QUALIDADE-STAGING,Salesforce - Cliente,0Nlc01DYHHse7SsRKVb76p,gXFocBE5L0qfwoEO4SrVwp,VLI_Logistica_PRD,0.0,2025-08-14 13:01:44.0,2025-08-14 13:01:48.0,SUCCESS,0.001111,2025-08-14 13:01:48.0,0
01CR7T0Z00000000003U,mt_TB_SALESFORCE_ACCOUNT_2_TB_CLIENTEGESTAO_Cli002,,MTT,20999,CLIENTE_QUALIDADE-STAGING,Salesforce - Cliente,0Nlc01DYHHse7SsRKVb76p,gXFocBE5L0qfwoEO4SrVwp,VLI_Logistica_PRD,0.0,2025-08-14 13:01:53.0,2025-08-14 13:01:57.0,SUCCESS,0.001111,2025-08-14 13:01:57.0,0
01CR7T0Z000000000039,mt_FF_PNE_ENRIQUECIMENTO_2_TB_ClienteExterno_Cli003,,MTT,1822,CLIENTE_AUDITORIA-PREPARADA,PNE - Cliente,0Nlc01DYHHse7SsRKVb76p,gXFocBE5L0qfwoEO4SrVwp,VLI_Logistica_PRD,0.016,2025-08-14 13:02:49.0,2025-08-14 13:03:06.0,SUCCESS,0.004722,2025-08-14 13:03:05.0,0
01CR7T0Z000000000038,mt_FF_SALESFORCE_ENRIQUECIMENTO_2_TB_Account_Cli003,,MTT,1819,CLIENTE_AUDITORIA-PREPARADA,SALESFORCE - Cliente,0Nlc01DYHHse7SsRKVb76p,gXFocBE5L0qfwoEO4SrVwp,VLI_Logistica_PRD,0.5158968206358728,2025-08-14 13:03:39.0,2025-08-14 13:04:46.0,WARNING,0.018611,2025-08-14 13:04:46.0,0
01CR7T0Z00000000002Q,mt_FF_SIOP_PORTOS_ENRIQUECIMENTO_2_TB_Pessoa_Cli003,,MTT,1816,CLIENTE_AUDITORIA-PREPARADA,SIOP PORTOS - Cliente,0Nlc01DYHHse7SsRKVb76p,gXFocBE5L0qfwoEO4SrVwp,VLI_Logistica_PRD,0.0,2025-08-14 13:05:06.0,2025-08-14 13:05:16.0,SUCCESS,0.002778,2025-08-14 13:05:16.0,0
01CR7T0Z00000000003B,mt_FF_SIOP_ADM_ENRIQUECIMENTO_2_TB_Empresas_Cli003,,MTT,1816,CLIENTE_AUDITORIA-PREPARADA,SIOP ADM - Cliente,0Nlc01DYHHse7SsRKVb76p,gXFocBE5L0qfwoEO4SrVwp,VLI_Logistica_PRD,0.021995600879824034,2025-08-14 13:05:45.0,2025-08-14 13:05:58.0,SUCCESS,0.003611,2025-08-14 13:05:58.0,0
01CR7T0Z00000000003S,mt_TB_PREPARADA_ACCOUNT_2_TB_CLIENTEGRANULAR_Cli003,,MTT,32231,CLIENTE_AUDITORIA-PREPARADA,SALESFORCE - Cliente,0Nlc01DYHHse7SsRKVb76p,gXFocBE5L0qfwoEO4SrVwp,VLI_Logistica_PRD,0.0,2025-08-14 13:06:00.0,2025-08-14 13:06:05.0,SUCCESS,0.001389,2025-08-14 13:06:05.0,0
01CR7T0Z00000000003T,mt_TB_SALESFORCE_ACCOUNT_2_TB_CLIENTESEGMENTACAO_Cli002,,MTT,21001,CLIENTE_QUALIDADE-STAGING,Salesforce - Cliente,0Nlc01DYHHse7SsRKVb76p,gXFocBE5L0qfwoEO4SrVwp,VLI_Logistica_PRD,0.0,2025-08-14 13:10:02.0,2025-08-14 13:10:08.0,SUCCESS,0.001667,2025-08-14 13:10:07.0,0
01CR7T0Z00000000003U,mt_TB_SALESFORCE_ACCOUNT_2_TB_CLIENTEGESTAO_Cli002,,MTT,21000,CLIENTE_QUALIDADE-STAGING,Salesforce - Cliente,0Nlc01DYHHse7SsRKVb76p,gXFocBE5L0qfwoEO4SrVwp,VLI_Logistica_PRD,0.0,2025-08-14 13:10:11.0,2025-08-14 13:10:16.0,SUCCESS,0.001389,2025-08-14 13:10:16.0,0
01CR7T0Z00000000003S,mt_TB_PREPARADA_ACCOUNT_2_TB_CLIENTEGRANULAR_Cli003,,MTT,32232,CLIENTE_AUDITORIA-PREPARADA,SALESFORCE - Cliente,0Nlc01DYHHse7SsRKVb76p,gXFocBE5L0qfwoEO4SrVwp,VLI_Logistica_PRD,0.0,2025-08-14 13:10:22.0,2025-08-14 13:10:26.0,SUCCESS,0.001111,2025-08-14 13:10:25.0,0
01CR7T0Z00000000003T,mt_TB_SALESFORCE_ACCOUNT_2_TB_CLIENTESEGMENTACAO_Cli002,,MTT,21002,CLIENTE_QUALIDADE-STAGING,Salesforce - Cliente,0Nlc01DYHHse7SsRKVb76p,gXFocBE5L0qfwoEO4SrVwp,VLI_Logistica_PRD,0.0,2025-08-14 13:20:04.0,2025-08-14 13:22:14.0,SUCCESS,0.036111,2025-08-14 13:22:13.0,0
01CR7T0Z00000000003U,mt_TB_SALESFORCE_ACCOUNT_2_TB_CLIENTEGESTAO_Cli002,,MTT,21001,CLIENTE_QUALIDADE-STAGING,Salesforce - Cliente,0Nlc01DYHHse7SsRKVb76p,gXFocBE5L0qfwoEO4SrVwp,VLI_Logistica_PRD,0.0,2025-08-14 13:22:20.0,2025-08-14 13:25:01.0,SUCCESS,0.044722,2025-08-14 13:25:00.0,0
01CR7T0Z00000000003S,mt_TB_PREPARADA_ACCOUNT_2_TB_CLIENTEGRANULAR_Cli003,,MTT,32233,CLIENTE_AUDITORIA-PREPARADA,SALESFORCE - Cliente,0Nlc01DYHHse7SsRKVb76p,gXFocBE5L0qfwoEO4SrVwp,VLI_Logistica_PRD,0.0,2025-08-14 13:25:04.0,2025-08-14 13:25:09.0,SUCCESS,0.001389,2025-08-14 13:25:08.0,0
01CR7T0Z00000000003T,mt_TB_SALESFORCE_ACCOUNT_2_TB_CLIENTESEGMENTACAO_Cli002,,MTT,21003,CLIENTE_QUALIDADE-STAGING,Salesforce - Cliente,0Nlc01DYHHse7SsRKVb76p,gXFocBE5L0qfwoEO4SrVwp,VLI_Logistica_PRD,0.0,2025-08-14 13:30:03.0,2025-08-14 13:30:31.0,SUCCESS,0.007778,2025-08-14 13:30:30.0,0
01CR7T0Z00000000003U,mt_TB_SALESFORCE_ACCOUNT_2_TB_CLIENTEGESTAO_Cli002,,MTT,21002,CLIENTE_QUALIDADE-STAGING,Salesforce - Cliente,0Nlc01DYHHse7SsRKVb76p,gXFocBE5L0qfwoEO4SrVwp,VLI_Logistica_PRD,0.0,2025-08-14 13:30:36.0,2025-08-14 13:30:41.0,SUCCESS,0.001389,2025-08-14 13:30:41.0,0
01CR7T0Z00000000003S,mt_TB_PREPARADA_ACCOUNT_2_TB_CLIENTEGRANULAR_Cli003,,MTT,32234,CLIENTE_AUDITORIA-PREPARADA,SALESFORCE - Cliente,0Nlc01DYHHse7SsRKVb76p,gXFocBE5L0qfwoEO4SrVwp,VLI_Logistica_PRD,0.0,2025-08-14 13:30:46.0,2025-08-14 13:30:50.0,SUCCESS,0.001111,2025-08-14 13:30:49.0,0
01CR7T0Z00000000003T,mt_TB_SALESFORCE_ACCOUNT_2_TB_CLIENTESEGMENTACAO_Cli002,,MTT,21004,CLIENTE_QUALIDADE-STAGING,Salesforce - Cliente,0Nlc01DYHHse7SsRKVb76p,gXFocBE5L0qfwoEO4SrVwp,VLI_Logistica_PRD,0.0,2025-08-14 13:40:03.0,2025-08-14 13:40:28.0,SUCCESS,0.006944,2025-08-14 13:40:28.0,0
01CR7T0Z00000000003U,mt_TB_SALESFORCE_ACCOUNT_2_TB_CLIENTEGESTAO_Cli002,,MTT,21003,CLIENTE_QUALIDADE-STAGING,Salesforce - Cliente,0Nlc01DYHHse7SsRKVb76p,gXFocBE5L0qfwoEO4SrVwp,VLI_Logistica_PRD,0.0,2025-08-14 13:40:36.0,2025-08-14 13:40:40.0,SUCCESS,0.001111,2025-08-14 13:40:40.0,0
01CR7T0Z00000000003S,mt_TB_PREPARADA_ACCOUNT_2_TB_CLIENTEGRANULAR_Cli003,,MTT,32235,CLIENTE_AUDITORIA-PREPARADA,SALESFORCE - Cliente,0Nlc01DYHHse7SsRKVb76p,gXFocBE5L0qfwoEO4SrVwp,VLI_Logistica_PRD,0.0,2025-08-14 13:40:44.0,2025-08-14 13:40:48.0,SUCCESS,0.001111,2025-08-14 13:40:48.0,0
01CR7T0Z00000000003T,mt_TB_SALESFORCE_ACCOUNT_2_TB_CLIENTESEGMENTACAO_Cli002,,MTT,21005,CLIENTE_QUALIDADE-STAGING,Salesforce - Cliente,0Nlc01DYHHse7SsRKVb76p,gXFocBE5L0qfwoEO4SrVwp,VLI_Logistica_PRD,0.0,2025-08-14 13:50:03.0,2025-08-14 13:50:08.0,SUCCESS,0.001389,2025-08-14 13:50:08.0,0
01CR7T0Z00000000003U,mt_TB_SALESFORCE_ACCOUNT_2_TB_CLIENTEGESTAO_Cli002,,MTT,21004,CLIENTE_QUALIDADE-STAGING,Salesforce - Cliente,0Nlc01DYHHse7SsRKVb76p,gXFocBE5L0qfwoEO4SrVwp,VLI_Logistica_PRD,0.0,2025-08-14 13:50:11.0,2025-08-14 13:50:15.0,SUCCESS,0.001111,2025-08-14 13:50:15.0,0
01CR7T0Z00000000003S,mt_TB_PREPARADA_ACCOUNT_2_TB_CLIENTEGRANULAR_Cli003,,MTT,32236,CLIENTE_AUDITORIA-PREPARADA,SALESFORCE - Cliente,0Nlc01DYHHse7SsRKVb76p,gXFocBE5L0qfwoEO4SrVwp,VLI_Logistica_PRD,0.0,2025-08-14 13:50:21.0,2025-08-14 13:50:26.0,SUCCESS,0.001389,2025-08-14 13:50:25.0,0
01CR7T0Z00000000003T,mt_TB_SALESFORCE_ACCOUNT_2_TB_CLIENTESEGMENTACAO_Cli002,,MTT,21006,CLIENTE_QUALIDADE-STAGING,Salesforce - Cliente,0Nlc01DYHHse7SsRKVb76p,gXFocBE5L0qfwoEO4SrVwp,VLI_Logistica_PRD,0.0,2025-08-14 14:00:07.0,2025-08-14 14:00:19.0,SUCCESS,0.003333,2025-08-14 14:00:20.0,0
01CR7T0Z00000000003U,mt_TB_SALESFORCE_ACCOUNT_2_TB_CLIENTEGESTAO_Cli002,,MTT,21005,CLIENTE_QUALIDADE-STAGING,Salesforce - Cliente,0Nlc01DYHHse7SsRKVb76p,gXFocBE5L0qfwoEO4SrVwp,VLI_Logistica_PRD,0.0,2025-08-14 14:00:30.0,2025-08-14 14:00:40.0,SUCCESS,0.002778,2025-08-14 14:00:40.0,0
01CR7T0Z00000000003S,mt_TB_PREPARADA_ACCOUNT_2_TB_CLIENTEGRANULAR_Cli003,,MTT,32237,CLIENTE_AUDITORIA-PREPARADA,SALESFORCE - Cliente,0Nlc01DYHHse7SsRKVb76p,gXFocBE5L0qfwoEO4SrVwp,VLI_Logistica_PRD,0.0,2025-08-14 14:00:47.0,2025-08-14 14:00:55.0,SUCCESS,0.002222,2025-08-14 14:00:56.0,0
01CR7T0Z00000000003T,mt_TB_SALESFORCE_ACCOUNT_2_TB_CLIENTESEGMENTACAO_Cli002,,MTT,21007,CLIENTE_QUALIDADE-STAGING,Salesforce - Cliente,0Nlc01DYHHse7SsRKVb76p,gXFocBE5L0qfwoEO4SrVwp,VLI_Logistica_PRD,0.0,2025-08-14 14:10:02.0,2025-08-14 14:10:07.0,SUCCESS,0.001389,2025-08-14 14:10:07.0,0
01CR7T0Z00000000003U,mt_TB_SALESFORCE_ACCOUNT_2_TB_CLIENTEGESTAO_Cli002,,MTT,21006,CLIENTE_QUALIDADE-STAGING,Salesforce - Cliente,0Nlc01DYHHse7SsRKVb76p,gXFocBE5L0qfwoEO4SrVwp,VLI_Logistica_PRD,0.0,2025-08-14 14:10:13.0,2025-08-14 14:10:17.0,SUCCESS,0.001111,2025-08-14 14:10:16.0,0
01CR7T0Z00000000003S,mt_TB_PREPARADA_ACCOUNT_2_TB_CLIENTEGRANULAR_Cli003,,MTT,32238,CLIENTE_AUDITORIA-PREPARADA,SALESFORCE - Cliente,0Nlc01DYHHse7SsRKVb76p,gXFocBE5L0qfwoEO4SrVwp,VLI_Logistica_PRD,0.0,2025-08-14 14:10:23.0,2025-08-14 14:10:27.0,SUCCESS,0.001111,2025-08-14 14:10:27.0,0
01CR7T0Z00000000003T,mt_TB_SALESFORCE_ACCOUNT_2_TB_CLIENTESEGMENTACAO_Cli002,,MTT,21008,CLIENTE_QUALIDADE-STAGING,Salesforce - Cliente,0Nlc01DYHHse7SsRKVb76p,gXFocBE5L0qfwoEO4SrVwp,VLI_Logistica_PRD,0.0,2025-08-14 14:20:03.0,2025-08-14 14:20:08.0,SUCCESS,0.001389,2025-08-14 14:20:08.0,0
01CR7T0Z00000000003U,mt_TB_SALESFORCE_ACCOUNT_2_TB_CLIENTEGESTAO_Cli002,,MTT,21007,CLIENTE_QUALIDADE-STAGING,Salesforce - Cliente,0Nlc01DYHHse7SsRKVb76p,gXFocBE5L0qfwoEO4SrVwp,VLI_Logistica_PRD,0.0,2025-08-14 14:20:10.0,2025-08-14 14:20:14.0,SUCCESS,0.001111,2025-08-14 14:20:14.0,0
01CR7T0Z00000000003S,mt_TB_PREPARADA_ACCOUNT_2_TB_CLIENTEGRANULAR_Cli003,,MTT,32239,CLIENTE_AUDITORIA-PREPARADA,SALESFORCE - Cliente,0Nlc01DYHHse7SsRKVb76p,gXFocBE5L0qfwoEO4SrVwp,VLI_Logistica_PRD,0.0,2025-08-14 14:20:20.0,2025-08-14 14:20:24.0,SUCCESS,0.001111,2025-08-14 14:20:24.0,0
01CR7T0Z00000000003T,mt_TB_SALESFORCE_ACCOUNT_2_TB_CLIENTESEGMENTACAO_Cli002,,MTT,21009,CLIENTE_QUALIDADE-STAGING,Salesforce - Cliente,0Nlc01DYHHse7SsRKVb76p,gXFocBE5L0qfwoEO4SrVwp,VLI_Logistica_PRD,0.0,2025-08-14 14:30:03.0,2025-08-14 14:32:10.0,SUCCESS,0.035278,2025-08-14 14:32:10.0,0
01CR7T0Z00000000003U,mt_TB_SALESFORCE_ACCOUNT_2_TB_CLIENTEGESTAO_Cli002,,MTT,21008,CLIENTE_QUALIDADE-STAGING,Salesforce - Cliente,0Nlc01DYHHse7SsRKVb76p,gXFocBE5L0qfwoEO4SrVwp,VLI_Logistica_PRD,0.0,2025-08-14 14:32:14.0,2025-08-14 14:32:26.0,SUCCESS,0.003333,2025-08-14 14:32:25.0,0
01CR7T0Z00000000003S,mt_TB_PREPARADA_ACCOUNT_2_TB_CLIENTEGRANULAR_Cli003,,MTT,32240,CLIENTE_AUDITORIA-PREPARADA,SALESFORCE - Cliente,0Nlc01DYHHse7SsRKVb76p,gXFocBE5L0qfwoEO4SrVwp,VLI_Logistica_PRD,0.0,2025-08-14 14:32:28.0,2025-08-14 14:32:32.0,SUCCESS,0.001111,2025-08-14 14:32:32.0,0
01CR7T0Z00000000003T,mt_TB_SALESFORCE_ACCOUNT_2_TB_CLIENTESEGMENTACAO_Cli002,,MTT,21010,CLIENTE_QUALIDADE-STAGING,Salesforce - Cliente,0Nlc01DYHHse7SsRKVb76p,gXFocBE5L0qfwoEO4SrVwp,VLI_Logistica_PRD,0.0,2025-08-14 14:40:02.0,2025-08-14 14:40:27.0,SUCCESS,0.006944,2025-08-14 14:40:27.0,0
01CR7T0Z00000000003U,mt_TB_SALESFORCE_ACCOUNT_2_TB_CLIENTEGESTAO_Cli002,,MTT,21009,CLIENTE_QUALIDADE-STAGING,Salesforce - Cliente,0Nlc01DYHHse7SsRKVb76p,gXFocBE5L0qfwoEO4SrVwp,VLI_Logistica_PRD,0.0,2025-08-14 14:40:31.0,2025-08-14 14:40:35.0,SUCCESS,0.001111,2025-08-14 14:40:34.0,0
01CR7T0Z00000000003S,mt_TB_PREPARADA_ACCOUNT_2_TB_CLIENTEGRANULAR_Cli003,,MTT,32241,CLIENTE_AUDITORIA-PREPARADA,SALESFORCE - Cliente,0Nlc01DYHHse7SsRKVb76p,gXFocBE5L0qfwoEO4SrVwp,VLI_Logistica_PRD,0.0,2025-08-14 14:40:40.0,2025-08-14 14:40:44.0,SUCCESS,0.001111,2025-08-14 14:40:43.0,0
01CR7T0Z00000000003T,mt_TB_SALESFORCE_ACCOUNT_2_TB_CLIENTESEGMENTACAO_Cli002,,MTT,21011,CLIENTE_QUALIDADE-STAGING,Salesforce - Cliente,0Nlc01DYHHse7SsRKVb76p,gXFocBE5L0qfwoEO4SrVwp,VLI_Logistica_PRD,0.0,2025-08-14 14:50:03.0,2025-08-14 14:50:10.0,SUCCESS,0.001944,2025-08-14 14:50:09.0,0
01CR7T0Z00000000003U,mt_TB_SALESFORCE_ACCOUNT_2_TB_CLIENTEGESTAO_Cli002,,MTT,21010,CLIENTE_QUALIDADE-STAGING,Salesforce - Cliente,0Nlc01DYHHse7SsRKVb76p,gXFocBE5L0qfwoEO4SrVwp,VLI_Logistica_PRD,0.0,2025-08-14 14:50:13.0,2025-08-14 14:50:17.0,SUCCESS,0.001111,2025-08-14 14:50:16.0,0
01CR7T0Z00000000003S,mt_TB_PREPARADA_ACCOUNT_2_TB_CLIENTEGRANULAR_Cli003,,MTT,32242,CLIENTE_AUDITORIA-PREPARADA,SALESFORCE - Cliente,0Nlc01DYHHse7SsRKVb76p,gXFocBE5L0qfwoEO4SrVwp,VLI_Logistica_PRD,0.0,2025-08-14 14:50:23.0,2025-08-14 14:50:27.0,SUCCESS,0.001111,2025-08-14 14:50:27.0,0
01CR7T0Z00000000003T,mt_TB_SALESFORCE_ACCOUNT_2_TB_CLIENTESEGMENTACAO_Cli002,,MTT,21012,CLIENTE_QUALIDADE-STAGING,Salesforce - Cliente,0Nlc01DYHHse7SsRKVb76p,gXFocBE5L0qfwoEO4SrVwp,VLI_Logistica_PRD,0.0,2025-08-14 15:00:07.0,2025-08-14 15:00:48.0,SUCCESS,0.011389,2025-08-14 15:00:48.0,0
01CR7T0Z00000000001X,mt_TB_PNE_ClienteExterno_2_R_TB_ClienteExterno_Cli001,,MTT,1868,CLIENTE_REPLICA,PNE,0Nlc01DYHHse7SsRKVb76p,gXFocBE5L0qfwoEO4SrVwp,VLI_Logistica_PRD,0.0,2025-08-14 15:00:38.0,2025-08-14 15:00:55.0,SUCCESS,0.004722,2025-08-14 15:00:55.0,0
01CR7T0Z00000000001T,mt_FF_SIOPTIPLAM_Pessoa_2_R_TB_Pessoa_Cli001,,MTT,1868,CLIENTE_REPLICA,SIOP Portos Tiplam,0Nlc01DYHHse7SsRKVb76p,gXFocBE5L0qfwoEO4SrVwp,VLI_Logistica_PRD,0.14197160567886422,2025-08-14 15:00:38.0,2025-08-14 15:01:04.0,SUCCESS,0.007222,2025-08-14 15:01:04.0,0
01CR7T0Z00000000001U,mt_FF_SIOPTIPLAM_TIPO_PESSOA_2_R_TB_Tipo_Pessoa_Cli001,,MTT,1868,CLIENTE_REPLICA,SIOP Portos Tiplam,0Nlc01DYHHse7SsRKVb76p,gXFocBE5L0qfwoEO4SrVwp,VLI_Logistica_PRD,0.0,2025-08-14 15:00:38.0,2025-08-14 15:01:07.0,SUCCESS,0.008056,2025-08-14 15:01:07.0,0
01CR7T0Z00000000001O,mt_FF_SIOPPORTO_Pessoa_Tipo_2_R_TB_Pessoa_Tipo_Cli001,,MTT,1868,CLIENTE_REPLICA,SIOP Portos Geral,0Nlc01DYHHse7SsRKVb76p,gXFocBE5L0qfwoEO4SrVwp,VLI_Logistica_PRD,0.06598680263947211,2025-08-14 15:00:39.0,2025-08-14 15:01:25.0,SUCCESS,0.012778,2025-08-14 15:01:25.0,0
01CR7T0Z00000000001V,mt_FF_SIOPPORTO_TIPO_PESSOA_2_R_TB_Tipo_Pessoa_Cli001,,MTT,1868,CLIENTE_REPLICA,SIOP Portos Geral,0Nlc01DYHHse7SsRKVb76p,gXFocBE5L0qfwoEO4SrVwp,VLI_Logistica_PRD,0.0,2025-08-14 15:00:39.0,2025-08-14 15:01:28.0,SUCCESS,0.013611,2025-08-14 15:01:27.0,0
01CR7T0Z00000000001P,mt_FF_SIOPTIPLAM_Pessoa_Tipo_2_R_TB_Pessoa_Tipo_Cli001,,MTT,1868,CLIENTE_REPLICA,SIOP Portos Tiplam,0Nlc01DYHHse7SsRKVb76p,gXFocBE5L0qfwoEO4SrVwp,VLI_Logistica_PRD,0.059988002399520096,2025-08-14 15:00:38.0,2025-08-14 15:01:29.0,SUCCESS,0.014167,2025-08-14 15:01:29.0,0
01CR7T0Z00000000001R,mt_FF_SIOPADM_CLIENTE_Empresas_2_R_TB_Empresas_Cli001,,MTT,1868,CLIENTE_REPLICA,SIOP Terminais,0Nlc01DYHHse7SsRKVb76p,gXFocBE5L0qfwoEO4SrVwp,VLI_Logistica_PRD,0.0,2025-08-14 15:00:40.0,2025-08-14 15:01:31.0,SUCCESS,0.014167,2025-08-14 15:01:31.0,0
01CR7T0Z00000000001W,mt_TB_PNE_EXPEDIDOR_2_R_TB_Expedidor_Cli001,,MTT,1868,CLIENTE_REPLICA,PNE,0Nlc01DYHHse7SsRKVb76p,gXFocBE5L0qfwoEO4SrVwp,VLI_Logistica_PRD,0.0,2025-08-14 15:00:39.0,2025-08-14 15:01:34.0,SUCCESS,0.015278,2025-08-14 15:01:33.0,0
01CR7T0Z00000000003U,mt_TB_SALESFORCE_ACCOUNT_2_TB_CLIENTEGESTAO_Cli002,,MTT,21011,CLIENTE_QUALIDADE-STAGING,Salesforce - Cliente,0Nlc01DYHHse7SsRKVb76p,gXFocBE5L0qfwoEO4SrVwp,VLI_Logistica_PRD,0.0,2025-08-14 15:00:56.0,2025-08-14 15:01:36.0,SUCCESS,0.011111,2025-08-14 15:01:36.0,0
01CR7T0Z00000000001Q,mt_FF_SIOPPORTO_PESSOA_2_R_TB_Pessoa_Cli001,,MTT,1868,CLIENTE_REPLICA,SIOP Portos Geral,0Nlc01DYHHse7SsRKVb76p,gXFocBE5L0qfwoEO4SrVwp,VLI_Logistica_PRD,0.11597680463907219,2025-08-14 15:00:40.0,2025-08-14 15:01:43.0,SUCCESS,0.0175,2025-08-14 15:01:43.0,0
01CR7T0Z00000000003S,mt_TB_PREPARADA_ACCOUNT_2_TB_CLIENTEGRANULAR_Cli003,,MTT,32243,CLIENTE_AUDITORIA-PREPARADA,SALESFORCE - Cliente,0Nlc01DYHHse7SsRKVb76p,gXFocBE5L0qfwoEO4SrVwp,VLI_Logistica_PRD,0.0,2025-08-14 15:01:41.0,2025-08-14 15:01:46.0,SUCCESS,0.001389,2025-08-14 15:01:46.0,0
01CR7T0Z00000000003T,mt_TB_SALESFORCE_ACCOUNT_2_TB_CLIENTESEGMENTACAO_Cli002,,MTT,21013,CLIENTE_QUALIDADE-STAGING,Salesforce - Cliente,0Nlc01DYHHse7SsRKVb76p,gXFocBE5L0qfwoEO4SrVwp,VLI_Logistica_PRD,0.0,2025-08-14 15:01:47.0,2025-08-14 15:01:51.0,SUCCESS,0.001111,2025-08-14 15:01:51.0,0
01CR7T0Z00000000003U,mt_TB_SALESFORCE_ACCOUNT_2_TB_CLIENTEGESTAO_Cli002,,MTT,21012,CLIENTE_QUALIDADE-STAGING,Salesforce - Cliente,0Nlc01DYHHse7SsRKVb76p,gXFocBE5L0qfwoEO4SrVwp,VLI_Logistica_PRD,0.0,2025-08-14 15:01:56.0,2025-08-14 15:02:00.0,SUCCESS,0.001111,2025-08-14 15:01:59.0,0
01CR7T0Z000000000039,mt_FF_PNE_ENRIQUECIMENTO_2_TB_ClienteExterno_Cli003,,MTT,1823,CLIENTE_AUDITORIA-PREPARADA,PNE - Cliente,0Nlc01DYHHse7SsRKVb76p,gXFocBE5L0qfwoEO4SrVwp,VLI_Logistica_PRD,0.0,2025-08-14 15:02:26.0,2025-08-14 15:02:36.0,SUCCESS,0.002778,2025-08-14 15:02:36.0,0
01CR7T0Z000000000038,mt_FF_SALESFORCE_ENRIQUECIMENTO_2_TB_Account_Cli003,,MTT,1820,CLIENTE_AUDITORIA-PREPARADA,SALESFORCE - Cliente,0Nlc01DYHHse7SsRKVb76p,gXFocBE5L0qfwoEO4SrVwp,VLI_Logistica_PRD,0.23395320935812838,2025-08-14 15:02:56.0,2025-08-14 15:04:00.0,WARNING,0.017778,2025-08-14 15:04:00.0,0
01CR7T0Z00000000002Q,mt_FF_SIOP_PORTOS_ENRIQUECIMENTO_2_TB_Pessoa_Cli003,,MTT,1817,CLIENTE_AUDITORIA-PREPARADA,SIOP PORTOS - Cliente,0Nlc01DYHHse7SsRKVb76p,gXFocBE5L0qfwoEO4SrVwp,VLI_Logistica_PRD,0.0,2025-08-14 15:04:22.0,2025-08-14 15:04:30.0,SUCCESS,0.002222,2025-08-14 15:04:29.0,0
01CR7T0Z00000000003B,mt_FF_SIOP_ADM_ENRIQUECIMENTO_2_TB_Empresas_Cli003,,MTT,1817,CLIENTE_AUDITORIA-PREPARADA,SIOP ADM - Cliente,0Nlc01DYHHse7SsRKVb76p,gXFocBE5L0qfwoEO4SrVwp,VLI_Logistica_PRD,0.0,2025-08-14 15:04:47.0,2025-08-14 15:04:58.0,SUCCESS,0.003056,2025-08-14 15:04:57.0,0
01CR7T0Z00000000003S,mt_TB_PREPARADA_ACCOUNT_2_TB_CLIENTEGRANULAR_Cli003,,MTT,32244,CLIENTE_AUDITORIA-PREPARADA,SALESFORCE - Cliente,0Nlc01DYHHse7SsRKVb76p,gXFocBE5L0qfwoEO4SrVwp,VLI_Logistica_PRD,0.0,2025-08-14 15:05:02.0,2025-08-14 15:05:07.0,SUCCESS,0.001389,2025-08-14 15:05:06.0,0
01CR7T0Z00000000003T,mt_TB_SALESFORCE_ACCOUNT_2_TB_CLIENTESEGMENTACAO_Cli002,,MTT,21014,CLIENTE_QUALIDADE-STAGING,Salesforce - Cliente,0Nlc01DYHHse7SsRKVb76p,gXFocBE5L0qfwoEO4SrVwp,VLI_Logistica_PRD,0.0,2025-08-14 15:10:02.0,2025-08-14 15:10:44.0,SUCCESS,0.011667,2025-08-14 15:10:43.0,0
01CR7T0Z00000000003U,mt_TB_SALESFORCE_ACCOUNT_2_TB_CLIENTEGESTAO_Cli002,,MTT,21013,CLIENTE_QUALIDADE-STAGING,Salesforce - Cliente,0Nlc01DYHHse7SsRKVb76p,gXFocBE5L0qfwoEO4SrVwp,VLI_Logistica_PRD,0.0,2025-08-14 15:10:49.0,2025-08-14 15:10:53.0,SUCCESS,0.001111,2025-08-14 15:10:52.0,0
01CR7T0Z00000000003S,mt_TB_PREPARADA_ACCOUNT_2_TB_CLIENTEGRANULAR_Cli003,,MTT,32245,CLIENTE_AUDITORIA-PREPARADA,SALESFORCE - Cliente,0Nlc01DYHHse7SsRKVb76p,gXFocBE5L0qfwoEO4SrVwp,VLI_Logistica_PRD,0.0,2025-08-14 15:10:58.0,2025-08-14 15:11:02.0,SUCCESS,0.001111,2025-08-14 15:11:02.0,0
