OrgId,MeterId,MeterName,Date,BillingPeriodStartDate,BillingPeriodEndDate,MeterUsage,IPU,Scalar,MetricCategory,OrgName,OrgType,IPURate
0Nlc01DYHHse7SsRKVb76p,3e7ccb904b3011eebe5602,Taskflow Run,2025-08-15 00:00:00.0,2025-07-31 00:00:00.0,2025-08-30 00:00:00.0,147.0000000000,0.000000000000,THOUSAND_RUNS,RUNS,VLI Logística - PRD,Production,0.000000
0Nlc01DYHHse7SsRKVb76p,3sY0I8UHjyTiXcLzZI1fqj,Governance Records,2025-08-15 00:00:00.0,2025-07-31 00:00:00.0,2025-08-30 00:00:00.0,43.0000000000,0.040850000000,TENK_RECORDS,RECORDS_STORED,VLI Logística - PRD,Production,9.500000
0Nlc01DYHHse7SsRKVb76p,3uIRkIV5Rt9lBbAPzeR5Kj,Application Integration,2025-08-15 00:00:00.0,2025-07-31 00:00:00.0,2025-08-30 00:00:00.0,0.0264808334,0.036543550092,HOURS,COMPUTE_UNITS,VLI Logística - PRD,Production,1.380000
0Nlc01DYHHse7SsRKVb76p,5hflTd89LojbuPtkRvPd8o,Catalog Records,2025-08-15 00:00:00.0,2025-07-31 00:00:00.0,2025-08-30 00:00:00.0,160432.0000000000,1.331585600000,HUNDREDK_RECORDS,RECORDS_STORED,VLI Logística - PRD,Production,0.830000
0Nlc01DYHHse7SsRKVb76p,6J969du5ipFiRR3hRANP81,Marketplace Records,2025-08-15 00:00:00.0,2025-07-31 00:00:00.0,2025-08-30 00:00:00.0,0.0000000000,0.000000000000,TENK_RECORDS,RECORDS_STORED,VLI Logística - PRD,Production,41.600000
0Nlc01DYHHse7SsRKVb76p,a2nB20h1o0lc7k3P9xtWS8,Data Integration,2025-08-15 00:00:00.0,2025-07-31 00:00:00.0,2025-08-30 00:00:00.0,3.2000020000,0.512000320000,HOURS,COMPUTE_UNITS,VLI Logística - PRD,Production,0.160000
0Nlc01DYHHse7SsRKVb76p,c6vq9jira786LE0O2UReWT,Sandbox Organizations IPU Usage,2025-08-15 00:00:00.0,2025-07-31 00:00:00.0,2025-08-30 00:00:00.0,null,0.971698601000,IPU,ORGS,VLI Logística - PRD,Production,null
0Nlc01DYHHse7SsRKVb76p,cPnPIT3XYAziLqIoXtd0KC,Data Quality,2025-08-15 00:00:00.0,2025-07-31 00:00:00.0,2025-08-30 00:00:00.0,0.1477780000,0.056155640000,HOURS,COMPUTE_UNITS,VLI Logística - PRD,Production,0.380000
0Nlc01DYHHse7SsRKVb76p,e959858a4b2644c19a39fd,Data Access Management - Policy Pushdown,2025-08-15 00:00:00.0,2025-07-31 00:00:00.0,2025-08-30 00:00:00.0,0.0000000000,0.000000000000,HUNDRED_RECORDS,RECORDS_STORED,VLI Logística - PRD,Production,0.600000
0Nlc01DYHHse7SsRKVb76p,jRkQw2YQksQjLqowj7Mveq,MDM Data Integration,2025-08-15 00:00:00.0,2025-07-31 00:00:00.0,2025-08-30 00:00:00.0,0.8327770000,0.000000000000,HOURS,COMPUTE_UNITS,VLI Logística - PRD,Production,0.000000
