OrgId,MeterId,MeterName,Date,BillingPeriodStartDate,BillingPeriodEndDate,MeterUsage,IPU,Scalar,MetricCategory,OrgName,OrgType,IPURate
3iIXLENg80KlHtUCJmWA8R,1XzBBPzFTAlk77lGUvVPIS,Scanner Execution,2025-10-10 00:00:00.0,2025-09-15 00:00:00.0,2025-10-14 00:00:00.0,0.1669312239,0.053417991645,HOURS,COMPUTE_UNITS,ClearSale SA - PRD,Production,0.320000
3iIXLENg80KlHtUCJmWA8R,3sY0I8UHjyTiXcLzZI1fqj,Governance Records,2025-10-10 00:00:00.0,2025-09-15 00:00:00.0,2025-10-14 00:00:00.0,250.0000000000,0.237500000000,TENK_RECORDS,RECORDS_STORED,ClearSale SA - PRD,Production,9.500000
3iIXLENg80KlHtUCJmWA8R,5hflTd89LojbuPtkRvPd8o,Catalog Records,2025-10-10 00:00:00.0,2025-09-15 00:00:00.0,2025-10-14 00:00:00.0,143291.0000000000,1.189315300000,HUNDREDK_RECORDS,RECORDS_STORED,ClearSale SA - PRD,Production,0.830000
3iIXLENg80KlHtUCJmWA8R,6J969du5ipFiRR3hRANP81,Marketplace Records,2025-10-10 00:00:00.0,2025-09-15 00:00:00.0,2025-10-14 00:00:00.0,0.0000000000,0.000000000000,TENK_RECORDS,RECORDS_STORED,ClearSale SA - PRD,Production,41.600000
3iIXLENg80KlHtUCJmWA8R,e959858a4b2644c19a39fd,Data Access Management - Policy Pushdown,2025-10-10 00:00:00.0,2025-09-15 00:00:00.0,2025-10-14 00:00:00.0,0.0000000000,0.000000000000,HUNDRED_RECORDS,RECORDS_STORED,ClearSale SA - PRD,Production,0.600000
3iIXLENg80KlHtUCJmWA8R,3sY0I8UHjyTiXcLzZI1fqj,Governance Records,2025-10-11 00:00:00.0,2025-09-15 00:00:00.0,2025-10-14 00:00:00.0,250.0000000000,0.237500000000,TENK_RECORDS,RECORDS_STORED,ClearSale SA - PRD,Production,9.500000
3iIXLENg80KlHtUCJmWA8R,5hflTd89LojbuPtkRvPd8o,Catalog Records,2025-10-11 00:00:00.0,2025-09-15 00:00:00.0,2025-10-14 00:00:00.0,143291.0000000000,1.189315300000,HUNDREDK_RECORDS,RECORDS_STORED,ClearSale SA - PRD,Production,0.830000
3iIXLENg80KlHtUCJmWA8R,6J969du5ipFiRR3hRANP81,Marketplace Records,2025-10-11 00:00:00.0,2025-09-15 00:00:00.0,2025-10-14 00:00:00.0,0.0000000000,0.000000000000,TENK_RECORDS,RECORDS_STORED,ClearSale SA - PRD,Production,41.600000
3iIXLENg80KlHtUCJmWA8R,e959858a4b2644c19a39fd,Data Access Management - Policy Pushdown,2025-10-11 00:00:00.0,2025-09-15 00:00:00.0,2025-10-14 00:00:00.0,0.0000000000,0.000000000000,HUNDRED_RECORDS,RECORDS_STORED,ClearSale SA - PRD,Production,0.600000
3iIXLENg80KlHtUCJmWA8R,3sY0I8UHjyTiXcLzZI1fqj,Governance Records,2025-10-12 00:00:00.0,2025-09-15 00:00:00.0,2025-10-14 00:00:00.0,250.0000000000,0.237500000000,TENK_RECORDS,RECORDS_STORED,ClearSale SA - PRD,Production,9.500000
3iIXLENg80KlHtUCJmWA8R,5hflTd89LojbuPtkRvPd8o,Catalog Records,2025-10-12 00:00:00.0,2025-09-15 00:00:00.0,2025-10-14 00:00:00.0,143291.0000000000,1.189315300000,HUNDREDK_RECORDS,RECORDS_STORED,ClearSale SA - PRD,Production,0.830000
3iIXLENg80KlHtUCJmWA8R,6J969du5ipFiRR3hRANP81,Marketplace Records,2025-10-12 00:00:00.0,2025-09-15 00:00:00.0,2025-10-14 00:00:00.0,0.0000000000,0.000000000000,TENK_RECORDS,RECORDS_STORED,ClearSale SA - PRD,Production,41.600000
3iIXLENg80KlHtUCJmWA8R,e959858a4b2644c19a39fd,Data Access Management - Policy Pushdown,2025-10-12 00:00:00.0,2025-09-15 00:00:00.0,2025-10-14 00:00:00.0,0.0000000000,0.000000000000,HUNDRED_RECORDS,RECORDS_STORED,ClearSale SA - PRD,Production,0.600000
3iIXLENg80KlHtUCJmWA8R,3sY0I8UHjyTiXcLzZI1fqj,Governance Records,2025-10-13 00:00:00.0,2025-09-15 00:00:00.0,2025-10-14 00:00:00.0,250.0000000000,0.237500000000,TENK_RECORDS,RECORDS_STORED,ClearSale SA - PRD,Production,9.500000
3iIXLENg80KlHtUCJmWA8R,5hflTd89LojbuPtkRvPd8o,Catalog Records,2025-10-13 00:00:00.0,2025-09-15 00:00:00.0,2025-10-14 00:00:00.0,143291.0000000000,1.189315300000,HUNDREDK_RECORDS,RECORDS_STORED,ClearSale SA - PRD,Production,0.830000
3iIXLENg80KlHtUCJmWA8R,6J969du5ipFiRR3hRANP81,Marketplace Records,2025-10-13 00:00:00.0,2025-09-15 00:00:00.0,2025-10-14 00:00:00.0,0.0000000000,0.000000000000,TENK_RECORDS,RECORDS_STORED,ClearSale SA - PRD,Production,41.600000
3iIXLENg80KlHtUCJmWA8R,e959858a4b2644c19a39fd,Data Access Management - Policy Pushdown,2025-10-13 00:00:00.0,2025-09-15 00:00:00.0,2025-10-14 00:00:00.0,0.0000000000,0.000000000000,HUNDRED_RECORDS,RECORDS_STORED,ClearSale SA - PRD,Production,0.600000
3iIXLENg80KlHtUCJmWA8R,3sY0I8UHjyTiXcLzZI1fqj,Governance Records,2025-10-14 00:00:00.0,2025-09-15 00:00:00.0,2025-10-14 00:00:00.0,250.0000000000,0.237500000000,TENK_RECORDS,RECORDS_STORED,ClearSale SA - PRD,Production,9.500000
3iIXLENg80KlHtUCJmWA8R,5hflTd89LojbuPtkRvPd8o,Catalog Records,2025-10-14 00:00:00.0,2025-09-15 00:00:00.0,2025-10-14 00:00:00.0,143291.0000000000,1.189315300000,HUNDREDK_RECORDS,RECORDS_STORED,ClearSale SA - PRD,Production,0.830000
3iIXLENg80KlHtUCJmWA8R,6J969du5ipFiRR3hRANP81,Marketplace Records,2025-10-14 00:00:00.0,2025-09-15 00:00:00.0,2025-10-14 00:00:00.0,0.0000000000,0.000000000000,TENK_RECORDS,RECORDS_STORED,ClearSale SA - PRD,Production,41.600000
3iIXLENg80KlHtUCJmWA8R,e959858a4b2644c19a39fd,Data Access Management - Policy Pushdown,2025-10-14 00:00:00.0,2025-09-15 00:00:00.0,2025-10-14 00:00:00.0,0.0000000000,0.000000000000,HUNDRED_RECORDS,RECORDS_STORED,ClearSale SA - PRD,Production,0.600000
3iIXLENg80KlHtUCJmWA8R,3sY0I8UHjyTiXcLzZI1fqj,Governance Records,2025-10-15 00:00:00.0,2025-10-15 00:00:00.0,2025-11-14 00:00:00.0,250.0000000000,0.237500000000,TENK_RECORDS,RECORDS_STORED,ClearSale SA - PRD,Production,9.500000
3iIXLENg80KlHtUCJmWA8R,5hflTd89LojbuPtkRvPd8o,Catalog Records,2025-10-15 00:00:00.0,2025-10-15 00:00:00.0,2025-11-14 00:00:00.0,143291.0000000000,1.189315300000,HUNDREDK_RECORDS,RECORDS_STORED,ClearSale SA - PRD,Production,0.830000
3iIXLENg80KlHtUCJmWA8R,6J969du5ipFiRR3hRANP81,Marketplace Records,2025-10-15 00:00:00.0,2025-10-15 00:00:00.0,2025-11-14 00:00:00.0,0.0000000000,0.000000000000,TENK_RECORDS,RECORDS_STORED,ClearSale SA - PRD,Production,41.600000
3iIXLENg80KlHtUCJmWA8R,e959858a4b2644c19a39fd,Data Access Management - Policy Pushdown,2025-10-15 00:00:00.0,2025-10-15 00:00:00.0,2025-11-14 00:00:00.0,0.0000000000,0.000000000000,HUNDRED_RECORDS,RECORDS_STORED,ClearSale SA - PRD,Production,0.600000
3iIXLENg80KlHtUCJmWA8R,3sY0I8UHjyTiXcLzZI1fqj,Governance Records,2025-10-16 00:00:00.0,2025-10-15 00:00:00.0,2025-11-14 00:00:00.0,250.0000000000,0.237500000000,TENK_RECORDS,RECORDS_STORED,ClearSale SA - PRD,Production,9.500000
3iIXLENg80KlHtUCJmWA8R,5hflTd89LojbuPtkRvPd8o,Catalog Records,2025-10-16 00:00:00.0,2025-10-15 00:00:00.0,2025-11-14 00:00:00.0,143291.0000000000,1.189315300000,HUNDREDK_RECORDS,RECORDS_STORED,ClearSale SA - PRD,Production,0.830000
3iIXLENg80KlHtUCJmWA8R,6J969du5ipFiRR3hRANP81,Marketplace Records,2025-10-16 00:00:00.0,2025-10-15 00:00:00.0,2025-11-14 00:00:00.0,0.0000000000,0.000000000000,TENK_RECORDS,RECORDS_STORED,ClearSale SA - PRD,Production,41.600000
3iIXLENg80KlHtUCJmWA8R,e959858a4b2644c19a39fd,Data Access Management - Policy Pushdown,2025-10-16 00:00:00.0,2025-10-15 00:00:00.0,2025-11-14 00:00:00.0,0.0000000000,0.000000000000,HUNDRED_RECORDS,RECORDS_STORED,ClearSale SA - PRD,Production,0.600000
3iIXLENg80KlHtUCJmWA8R,1XzBBPzFTAlk77lGUvVPIS,Scanner Execution,2025-10-17 00:00:00.0,2025-10-15 00:00:00.0,2025-11-14 00:00:00.0,0.1687078178,0.053986501689,HOURS,COMPUTE_UNITS,ClearSale SA - PRD,Production,0.320000
3iIXLENg80KlHtUCJmWA8R,3sY0I8UHjyTiXcLzZI1fqj,Governance Records,2025-10-17 00:00:00.0,2025-10-15 00:00:00.0,2025-11-14 00:00:00.0,250.0000000000,0.237500000000,TENK_RECORDS,RECORDS_STORED,ClearSale SA - PRD,Production,9.500000
3iIXLENg80KlHtUCJmWA8R,5hflTd89LojbuPtkRvPd8o,Catalog Records,2025-10-17 00:00:00.0,2025-10-15 00:00:00.0,2025-11-14 00:00:00.0,143291.0000000000,1.189315300000,HUNDREDK_RECORDS,RECORDS_STORED,ClearSale SA - PRD,Production,0.830000
3iIXLENg80KlHtUCJmWA8R,6J969du5ipFiRR3hRANP81,Marketplace Records,2025-10-17 00:00:00.0,2025-10-15 00:00:00.0,2025-11-14 00:00:00.0,0.0000000000,0.000000000000,TENK_RECORDS,RECORDS_STORED,ClearSale SA - PRD,Production,41.600000
3iIXLENg80KlHtUCJmWA8R,e959858a4b2644c19a39fd,Data Access Management - Policy Pushdown,2025-10-17 00:00:00.0,2025-10-15 00:00:00.0,2025-11-14 00:00:00.0,0.0000000000,0.000000000000,HUNDRED_RECORDS,RECORDS_STORED,ClearSale SA - PRD,Production,0.600000
3iIXLENg80KlHtUCJmWA8R,3sY0I8UHjyTiXcLzZI1fqj,Governance Records,2025-10-18 00:00:00.0,2025-10-15 00:00:00.0,2025-11-14 00:00:00.0,250.0000000000,0.237500000000,TENK_RECORDS,RECORDS_STORED,ClearSale SA - PRD,Production,9.500000
3iIXLENg80KlHtUCJmWA8R,5hflTd89LojbuPtkRvPd8o,Catalog Records,2025-10-18 00:00:00.0,2025-10-15 00:00:00.0,2025-11-14 00:00:00.0,143291.0000000000,1.189315300000,HUNDREDK_RECORDS,RECORDS_STORED,ClearSale SA - PRD,Production,0.830000
3iIXLENg80KlHtUCJmWA8R,6J969du5ipFiRR3hRANP81,Marketplace Records,2025-10-18 00:00:00.0,2025-10-15 00:00:00.0,2025-11-14 00:00:00.0,0.0000000000,0.000000000000,TENK_RECORDS,RECORDS_STORED,ClearSale SA - PRD,Production,41.600000
3iIXLENg80KlHtUCJmWA8R,e959858a4b2644c19a39fd,Data Access Management - Policy Pushdown,2025-10-18 00:00:00.0,2025-10-15 00:00:00.0,2025-11-14 00:00:00.0,0.0000000000,0.000000000000,HUNDRED_RECORDS,RECORDS_STORED,ClearSale SA - PRD,Production,0.600000
3iIXLENg80KlHtUCJmWA8R,3sY0I8UHjyTiXcLzZI1fqj,Governance Records,2025-10-19 00:00:00.0,2025-10-15 00:00:00.0,2025-11-14 00:00:00.0,250.0000000000,0.237500000000,TENK_RECORDS,RECORDS_STORED,ClearSale SA - PRD,Production,9.500000
3iIXLENg80KlHtUCJmWA8R,5hflTd89LojbuPtkRvPd8o,Catalog Records,2025-10-19 00:00:00.0,2025-10-15 00:00:00.0,2025-11-14 00:00:00.0,143291.0000000000,1.189315300000,HUNDREDK_RECORDS,RECORDS_STORED,ClearSale SA - PRD,Production,0.830000
3iIXLENg80KlHtUCJmWA8R,6J969du5ipFiRR3hRANP81,Marketplace Records,2025-10-19 00:00:00.0,2025-10-15 00:00:00.0,2025-11-14 00:00:00.0,0.0000000000,0.000000000000,TENK_RECORDS,RECORDS_STORED,ClearSale SA - PRD,Production,41.600000
3iIXLENg80KlHtUCJmWA8R,e959858a4b2644c19a39fd,Data Access Management - Policy Pushdown,2025-10-19 00:00:00.0,2025-10-15 00:00:00.0,2025-11-14 00:00:00.0,0.0000000000,0.000000000000,HUNDRED_RECORDS,RECORDS_STORED,ClearSale SA - PRD,Production,0.600000
3iIXLENg80KlHtUCJmWA8R,3sY0I8UHjyTiXcLzZI1fqj,Governance Records,2025-10-20 00:00:00.0,2025-10-15 00:00:00.0,2025-11-14 00:00:00.0,250.0000000000,0.237500000000,TENK_RECORDS,RECORDS_STORED,ClearSale SA - PRD,Production,9.500000
3iIXLENg80KlHtUCJmWA8R,5hflTd89LojbuPtkRvPd8o,Catalog Records,2025-10-20 00:00:00.0,2025-10-15 00:00:00.0,2025-11-14 00:00:00.0,143291.0000000000,1.189315300000,HUNDREDK_RECORDS,RECORDS_STORED,ClearSale SA - PRD,Production,0.830000
3iIXLENg80KlHtUCJmWA8R,6J969du5ipFiRR3hRANP81,Marketplace Records,2025-10-20 00:00:00.0,2025-10-15 00:00:00.0,2025-11-14 00:00:00.0,0.0000000000,0.000000000000,TENK_RECORDS,RECORDS_STORED,ClearSale SA - PRD,Production,41.600000
3iIXLENg80KlHtUCJmWA8R,e959858a4b2644c19a39fd,Data Access Management - Policy Pushdown,2025-10-20 00:00:00.0,2025-10-15 00:00:00.0,2025-11-14 00:00:00.0,0.0000000000,0.000000000000,HUNDRED_RECORDS,RECORDS_STORED,ClearSale SA - PRD,Production,0.600000
3iIXLENg80KlHtUCJmWA8R,3sY0I8UHjyTiXcLzZI1fqj,Governance Records,2025-10-21 00:00:00.0,2025-10-15 00:00:00.0,2025-11-14 00:00:00.0,250.0000000000,0.237500000000,TENK_RECORDS,RECORDS_STORED,ClearSale SA - PRD,Production,9.500000
3iIXLENg80KlHtUCJmWA8R,5hflTd89LojbuPtkRvPd8o,Catalog Records,2025-10-21 00:00:00.0,2025-10-15 00:00:00.0,2025-11-14 00:00:00.0,143291.0000000000,1.189315300000,HUNDREDK_RECORDS,RECORDS_STORED,ClearSale SA - PRD,Production,0.830000
3iIXLENg80KlHtUCJmWA8R,6J969du5ipFiRR3hRANP81,Marketplace Records,2025-10-21 00:00:00.0,2025-10-15 00:00:00.0,2025-11-14 00:00:00.0,0.0000000000,0.000000000000,TENK_RECORDS,RECORDS_STORED,ClearSale SA - PRD,Production,41.600000
3iIXLENg80KlHtUCJmWA8R,e959858a4b2644c19a39fd,Data Access Management - Policy Pushdown,2025-10-21 00:00:00.0,2025-10-15 00:00:00.0,2025-11-14 00:00:00.0,0.0000000000,0.000000000000,HUNDRED_RECORDS,RECORDS_STORED,ClearSale SA - PRD,Production,0.600000
3iIXLENg80KlHtUCJmWA8R,3sY0I8UHjyTiXcLzZI1fqj,Governance Records,2025-10-22 00:00:00.0,2025-10-15 00:00:00.0,2025-11-14 00:00:00.0,250.0000000000,0.237500000000,TENK_RECORDS,RECORDS_STORED,ClearSale SA - PRD,Production,9.500000
3iIXLENg80KlHtUCJmWA8R,5hflTd89LojbuPtkRvPd8o,Catalog Records,2025-10-22 00:00:00.0,2025-10-15 00:00:00.0,2025-11-14 00:00:00.0,143291.0000000000,1.189315300000,HUNDREDK_RECORDS,RECORDS_STORED,ClearSale SA - PRD,Production,0.830000
3iIXLENg80KlHtUCJmWA8R,6J969du5ipFiRR3hRANP81,Marketplace Records,2025-10-22 00:00:00.0,2025-10-15 00:00:00.0,2025-11-14 00:00:00.0,0.0000000000,0.000000000000,TENK_RECORDS,RECORDS_STORED,ClearSale SA - PRD,Production,41.600000
3iIXLENg80KlHtUCJmWA8R,e959858a4b2644c19a39fd,Data Access Management - Policy Pushdown,2025-10-22 00:00:00.0,2025-10-15 00:00:00.0,2025-11-14 00:00:00.0,0.0000000000,0.000000000000,HUNDRED_RECORDS,RECORDS_STORED,ClearSale SA - PRD,Production,0.600000
3iIXLENg80KlHtUCJmWA8R,3sY0I8UHjyTiXcLzZI1fqj,Governance Records,2025-10-23 00:00:00.0,2025-10-15 00:00:00.0,2025-11-14 00:00:00.0,250.0000000000,0.237500000000,TENK_RECORDS,RECORDS_STORED,ClearSale SA - PRD,Production,9.500000
3iIXLENg80KlHtUCJmWA8R,5hflTd89LojbuPtkRvPd8o,Catalog Records,2025-10-23 00:00:00.0,2025-10-15 00:00:00.0,2025-11-14 00:00:00.0,143291.0000000000,1.189315300000,HUNDREDK_RECORDS,RECORDS_STORED,ClearSale SA - PRD,Production,0.830000
3iIXLENg80KlHtUCJmWA8R,6J969du5ipFiRR3hRANP81,Marketplace Records,2025-10-23 00:00:00.0,2025-10-15 00:00:00.0,2025-11-14 00:00:00.0,0.0000000000,0.000000000000,TENK_RECORDS,RECORDS_STORED,ClearSale SA - PRD,Production,41.600000
3iIXLENg80KlHtUCJmWA8R,e959858a4b2644c19a39fd,Data Access Management - Policy Pushdown,2025-10-23 00:00:00.0,2025-10-15 00:00:00.0,2025-11-14 00:00:00.0,0.0000000000,0.000000000000,HUNDRED_RECORDS,RECORDS_STORED,ClearSale SA - PRD,Production,0.600000
3iIXLENg80KlHtUCJmWA8R,1XzBBPzFTAlk77lGUvVPIS,Scanner Execution,2025-10-24 00:00:00.0,2025-10-15 00:00:00.0,2025-11-14 00:00:00.0,0.1542933761,0.049373880356,HOURS,COMPUTE_UNITS,ClearSale SA - PRD,Production,0.320000
3iIXLENg80KlHtUCJmWA8R,3sY0I8UHjyTiXcLzZI1fqj,Governance Records,2025-10-24 00:00:00.0,2025-10-15 00:00:00.0,2025-11-14 00:00:00.0,250.0000000000,0.237500000000,TENK_RECORDS,RECORDS_STORED,ClearSale SA - PRD,Production,9.500000
3iIXLENg80KlHtUCJmWA8R,5hflTd89LojbuPtkRvPd8o,Catalog Records,2025-10-24 00:00:00.0,2025-10-15 00:00:00.0,2025-11-14 00:00:00.0,143291.0000000000,1.189315300000,HUNDREDK_RECORDS,RECORDS_STORED,ClearSale SA - PRD,Production,0.830000
3iIXLENg80KlHtUCJmWA8R,6J969du5ipFiRR3hRANP81,Marketplace Records,2025-10-24 00:00:00.0,2025-10-15 00:00:00.0,2025-11-14 00:00:00.0,0.0000000000,0.000000000000,TENK_RECORDS,RECORDS_STORED,ClearSale SA - PRD,Production,41.600000
3iIXLENg80KlHtUCJmWA8R,e959858a4b2644c19a39fd,Data Access Management - Policy Pushdown,2025-10-24 00:00:00.0,2025-10-15 00:00:00.0,2025-11-14 00:00:00.0,0.0000000000,0.000000000000,HUNDRED_RECORDS,RECORDS_STORED,ClearSale SA - PRD,Production,0.600000
3iIXLENg80KlHtUCJmWA8R,3sY0I8UHjyTiXcLzZI1fqj,Governance Records,2025-10-25 00:00:00.0,2025-10-15 00:00:00.0,2025-11-14 00:00:00.0,250.0000000000,0.237500000000,TENK_RECORDS,RECORDS_STORED,ClearSale SA - PRD,Production,9.500000
3iIXLENg80KlHtUCJmWA8R,5hflTd89LojbuPtkRvPd8o,Catalog Records,2025-10-25 00:00:00.0,2025-10-15 00:00:00.0,2025-11-14 00:00:00.0,143291.0000000000,1.189315300000,HUNDREDK_RECORDS,RECORDS_STORED,ClearSale SA - PRD,Production,0.830000
3iIXLENg80KlHtUCJmWA8R,6J969du5ipFiRR3hRANP81,Marketplace Records,2025-10-25 00:00:00.0,2025-10-15 00:00:00.0,2025-11-14 00:00:00.0,0.0000000000,0.000000000000,TENK_RECORDS,RECORDS_STORED,ClearSale SA - PRD,Production,41.600000
3iIXLENg80KlHtUCJmWA8R,e959858a4b2644c19a39fd,Data Access Management - Policy Pushdown,2025-10-25 00:00:00.0,2025-10-15 00:00:00.0,2025-11-14 00:00:00.0,0.0000000000,0.000000000000,HUNDRED_RECORDS,RECORDS_STORED,ClearSale SA - PRD,Production,0.600000
3iIXLENg80KlHtUCJmWA8R,3sY0I8UHjyTiXcLzZI1fqj,Governance Records,2025-10-26 00:00:00.0,2025-10-15 00:00:00.0,2025-11-14 00:00:00.0,250.0000000000,0.237500000000,TENK_RECORDS,RECORDS_STORED,ClearSale SA - PRD,Production,9.500000
3iIXLENg80KlHtUCJmWA8R,5hflTd89LojbuPtkRvPd8o,Catalog Records,2025-10-26 00:00:00.0,2025-10-15 00:00:00.0,2025-11-14 00:00:00.0,143291.0000000000,1.189315300000,HUNDREDK_RECORDS,RECORDS_STORED,ClearSale SA - PRD,Production,0.830000
3iIXLENg80KlHtUCJmWA8R,6J969du5ipFiRR3hRANP81,Marketplace Records,2025-10-26 00:00:00.0,2025-10-15 00:00:00.0,2025-11-14 00:00:00.0,0.0000000000,0.000000000000,TENK_RECORDS,RECORDS_STORED,ClearSale SA - PRD,Production,41.600000
3iIXLENg80KlHtUCJmWA8R,e959858a4b2644c19a39fd,Data Access Management - Policy Pushdown,2025-10-26 00:00:00.0,2025-10-15 00:00:00.0,2025-11-14 00:00:00.0,0.0000000000,0.000000000000,HUNDRED_RECORDS,RECORDS_STORED,ClearSale SA - PRD,Production,0.600000
3iIXLENg80KlHtUCJmWA8R,3sY0I8UHjyTiXcLzZI1fqj,Governance Records,2025-10-27 00:00:00.0,2025-10-15 00:00:00.0,2025-11-14 00:00:00.0,250.0000000000,0.237500000000,TENK_RECORDS,RECORDS_STORED,ClearSale SA - PRD,Production,9.500000
3iIXLENg80KlHtUCJmWA8R,5hflTd89LojbuPtkRvPd8o,Catalog Records,2025-10-27 00:00:00.0,2025-10-15 00:00:00.0,2025-11-14 00:00:00.0,143291.0000000000,1.189315300000,HUNDREDK_RECORDS,RECORDS_STORED,ClearSale SA - PRD,Production,0.830000
3iIXLENg80KlHtUCJmWA8R,6J969du5ipFiRR3hRANP81,Marketplace Records,2025-10-27 00:00:00.0,2025-10-15 00:00:00.0,2025-11-14 00:00:00.0,0.0000000000,0.000000000000,TENK_RECORDS,RECORDS_STORED,ClearSale SA - PRD,Production,41.600000
3iIXLENg80KlHtUCJmWA8R,e959858a4b2644c19a39fd,Data Access Management - Policy Pushdown,2025-10-27 00:00:00.0,2025-10-15 00:00:00.0,2025-11-14 00:00:00.0,0.0000000000,0.000000000000,HUNDRED_RECORDS,RECORDS_STORED,ClearSale SA - PRD,Production,0.600000
3iIXLENg80KlHtUCJmWA8R,3sY0I8UHjyTiXcLzZI1fqj,Governance Records,2025-10-28 00:00:00.0,2025-10-15 00:00:00.0,2025-11-14 00:00:00.0,250.0000000000,0.237500000000,TENK_RECORDS,RECORDS_STORED,ClearSale SA - PRD,Production,9.500000
3iIXLENg80KlHtUCJmWA8R,5hflTd89LojbuPtkRvPd8o,Catalog Records,2025-10-28 00:00:00.0,2025-10-15 00:00:00.0,2025-11-14 00:00:00.0,143291.0000000000,1.189315300000,HUNDREDK_RECORDS,RECORDS_STORED,ClearSale SA - PRD,Production,0.830000
3iIXLENg80KlHtUCJmWA8R,6J969du5ipFiRR3hRANP81,Marketplace Records,2025-10-28 00:00:00.0,2025-10-15 00:00:00.0,2025-11-14 00:00:00.0,0.0000000000,0.000000000000,TENK_RECORDS,RECORDS_STORED,ClearSale SA - PRD,Production,41.600000
3iIXLENg80KlHtUCJmWA8R,e959858a4b2644c19a39fd,Data Access Management - Policy Pushdown,2025-10-28 00:00:00.0,2025-10-15 00:00:00.0,2025-11-14 00:00:00.0,0.0000000000,0.000000000000,HUNDRED_RECORDS,RECORDS_STORED,ClearSale SA - PRD,Production,0.600000
3iIXLENg80KlHtUCJmWA8R,3sY0I8UHjyTiXcLzZI1fqj,Governance Records,2025-10-29 00:00:00.0,2025-10-15 00:00:00.0,2025-11-14 00:00:00.0,250.0000000000,0.237500000000,TENK_RECORDS,RECORDS_STORED,ClearSale SA - PRD,Production,9.500000
3iIXLENg80KlHtUCJmWA8R,5hflTd89LojbuPtkRvPd8o,Catalog Records,2025-10-29 00:00:00.0,2025-10-15 00:00:00.0,2025-11-14 00:00:00.0,143291.0000000000,1.189315300000,HUNDREDK_RECORDS,RECORDS_STORED,ClearSale SA - PRD,Production,0.830000
3iIXLENg80KlHtUCJmWA8R,6J969du5ipFiRR3hRANP81,Marketplace Records,2025-10-29 00:00:00.0,2025-10-15 00:00:00.0,2025-11-14 00:00:00.0,0.0000000000,0.000000000000,TENK_RECORDS,RECORDS_STORED,ClearSale SA - PRD,Production,41.600000
3iIXLENg80KlHtUCJmWA8R,e959858a4b2644c19a39fd,Data Access Management - Policy Pushdown,2025-10-29 00:00:00.0,2025-10-15 00:00:00.0,2025-11-14 00:00:00.0,0.0000000000,0.000000000000,HUNDRED_RECORDS,RECORDS_STORED,ClearSale SA - PRD,Production,0.600000
3iIXLENg80KlHtUCJmWA8R,3sY0I8UHjyTiXcLzZI1fqj,Governance Records,2025-10-30 00:00:00.0,2025-10-15 00:00:00.0,2025-11-14 00:00:00.0,250.0000000000,0.237500000000,TENK_RECORDS,RECORDS_STORED,ClearSale SA - PRD,Production,9.500000
3iIXLENg80KlHtUCJmWA8R,5hflTd89LojbuPtkRvPd8o,Catalog Records,2025-10-30 00:00:00.0,2025-10-15 00:00:00.0,2025-11-14 00:00:00.0,143291.0000000000,1.189315300000,HUNDREDK_RECORDS,RECORDS_STORED,ClearSale SA - PRD,Production,0.830000
3iIXLENg80KlHtUCJmWA8R,6J969du5ipFiRR3hRANP81,Marketplace Records,2025-10-30 00:00:00.0,2025-10-15 00:00:00.0,2025-11-14 00:00:00.0,0.0000000000,0.000000000000,TENK_RECORDS,RECORDS_STORED,ClearSale SA - PRD,Production,41.600000
3iIXLENg80KlHtUCJmWA8R,e959858a4b2644c19a39fd,Data Access Management - Policy Pushdown,2025-10-30 00:00:00.0,2025-10-15 00:00:00.0,2025-11-14 00:00:00.0,0.0000000000,0.000000000000,HUNDRED_RECORDS,RECORDS_STORED,ClearSale SA - PRD,Production,0.600000
3iIXLENg80KlHtUCJmWA8R,1XzBBPzFTAlk77lGUvVPIS,Scanner Execution,2025-10-31 00:00:00.0,2025-10-15 00:00:00.0,2025-11-14 00:00:00.0,0.0044043611,0.001409395556,HOURS,COMPUTE_UNITS,ClearSale SA - PRD,Production,0.320000
3iIXLENg80KlHtUCJmWA8R,3sY0I8UHjyTiXcLzZI1fqj,Governance Records,2025-10-31 00:00:00.0,2025-10-15 00:00:00.0,2025-11-14 00:00:00.0,250.0000000000,0.237500000000,TENK_RECORDS,RECORDS_STORED,ClearSale SA - PRD,Production,9.500000
3iIXLENg80KlHtUCJmWA8R,5hflTd89LojbuPtkRvPd8o,Catalog Records,2025-10-31 00:00:00.0,2025-10-15 00:00:00.0,2025-11-14 00:00:00.0,143291.0000000000,1.189315300000,HUNDREDK_RECORDS,RECORDS_STORED,ClearSale SA - PRD,Production,0.830000
3iIXLENg80KlHtUCJmWA8R,6J969du5ipFiRR3hRANP81,Marketplace Records,2025-10-31 00:00:00.0,2025-10-15 00:00:00.0,2025-11-14 00:00:00.0,0.0000000000,0.000000000000,TENK_RECORDS,RECORDS_STORED,ClearSale SA - PRD,Production,41.600000
3iIXLENg80KlHtUCJmWA8R,e959858a4b2644c19a39fd,Data Access Management - Policy Pushdown,2025-10-31 00:00:00.0,2025-10-15 00:00:00.0,2025-11-14 00:00:00.0,0.0000000000,0.000000000000,HUNDRED_RECORDS,RECORDS_STORED,ClearSale SA - PRD,Production,0.600000
3iIXLENg80KlHtUCJmWA8R,3sY0I8UHjyTiXcLzZI1fqj,Governance Records,2025-11-01 00:00:00.0,2025-10-15 00:00:00.0,2025-11-14 00:00:00.0,250.0000000000,0.237500000000,TENK_RECORDS,RECORDS_STORED,ClearSale SA - PRD,Production,9.500000
3iIXLENg80KlHtUCJmWA8R,5hflTd89LojbuPtkRvPd8o,Catalog Records,2025-11-01 00:00:00.0,2025-10-15 00:00:00.0,2025-11-14 00:00:00.0,143291.0000000000,1.189315300000,HUNDREDK_RECORDS,RECORDS_STORED,ClearSale SA - PRD,Production,0.830000
3iIXLENg80KlHtUCJmWA8R,6J969du5ipFiRR3hRANP81,Marketplace Records,2025-11-01 00:00:00.0,2025-10-15 00:00:00.0,2025-11-14 00:00:00.0,0.0000000000,0.000000000000,TENK_RECORDS,RECORDS_STORED,ClearSale SA - PRD,Production,41.600000
3iIXLENg80KlHtUCJmWA8R,e959858a4b2644c19a39fd,Data Access Management - Policy Pushdown,2025-11-01 00:00:00.0,2025-10-15 00:00:00.0,2025-11-14 00:00:00.0,0.0000000000,0.000000000000,HUNDRED_RECORDS,RECORDS_STORED,ClearSale SA - PRD,Production,0.600000
3iIXLENg80KlHtUCJmWA8R,3sY0I8UHjyTiXcLzZI1fqj,Governance Records,2025-11-02 00:00:00.0,2025-10-15 00:00:00.0,2025-11-14 00:00:00.0,250.0000000000,0.237500000000,TENK_RECORDS,RECORDS_STORED,ClearSale SA - PRD,Production,9.500000
3iIXLENg80KlHtUCJmWA8R,5hflTd89LojbuPtkRvPd8o,Catalog Records,2025-11-02 00:00:00.0,2025-10-15 00:00:00.0,2025-11-14 00:00:00.0,143291.0000000000,1.189315300000,HUNDREDK_RECORDS,RECORDS_STORED,ClearSale SA - PRD,Production,0.830000
3iIXLENg80KlHtUCJmWA8R,6J969du5ipFiRR3hRANP81,Marketplace Records,2025-11-02 00:00:00.0,2025-10-15 00:00:00.0,2025-11-14 00:00:00.0,0.0000000000,0.000000000000,TENK_RECORDS,RECORDS_STORED,ClearSale SA - PRD,Production,41.600000
3iIXLENg80KlHtUCJmWA8R,e959858a4b2644c19a39fd,Data Access Management - Policy Pushdown,2025-11-02 00:00:00.0,2025-10-15 00:00:00.0,2025-11-14 00:00:00.0,0.0000000000,0.000000000000,HUNDRED_RECORDS,RECORDS_STORED,ClearSale SA - PRD,Production,0.600000
3iIXLENg80KlHtUCJmWA8R,3sY0I8UHjyTiXcLzZI1fqj,Governance Records,2025-11-03 00:00:00.0,2025-10-15 00:00:00.0,2025-11-14 00:00:00.0,250.0000000000,0.237500000000,TENK_RECORDS,RECORDS_STORED,ClearSale SA - PRD,Production,9.500000
3iIXLENg80KlHtUCJmWA8R,5hflTd89LojbuPtkRvPd8o,Catalog Records,2025-11-03 00:00:00.0,2025-10-15 00:00:00.0,2025-11-14 00:00:00.0,143291.0000000000,1.189315300000,HUNDREDK_RECORDS,RECORDS_STORED,ClearSale SA - PRD,Production,0.830000
3iIXLENg80KlHtUCJmWA8R,6J969du5ipFiRR3hRANP81,Marketplace Records,2025-11-03 00:00:00.0,2025-10-15 00:00:00.0,2025-11-14 00:00:00.0,0.0000000000,0.000000000000,TENK_RECORDS,RECORDS_STORED,ClearSale SA - PRD,Production,41.600000
3iIXLENg80KlHtUCJmWA8R,e959858a4b2644c19a39fd,Data Access Management - Policy Pushdown,2025-11-03 00:00:00.0,2025-10-15 00:00:00.0,2025-11-14 00:00:00.0,0.0000000000,0.000000000000,HUNDRED_RECORDS,RECORDS_STORED,ClearSale SA - PRD,Production,0.600000
3iIXLENg80KlHtUCJmWA8R,3sY0I8UHjyTiXcLzZI1fqj,Governance Records,2025-11-04 00:00:00.0,2025-10-15 00:00:00.0,2025-11-14 00:00:00.0,250.0000000000,0.237500000000,TENK_RECORDS,RECORDS_STORED,ClearSale SA - PRD,Production,9.500000
3iIXLENg80KlHtUCJmWA8R,5hflTd89LojbuPtkRvPd8o,Catalog Records,2025-11-04 00:00:00.0,2025-10-15 00:00:00.0,2025-11-14 00:00:00.0,143291.0000000000,1.189315300000,HUNDREDK_RECORDS,RECORDS_STORED,ClearSale SA - PRD,Production,0.830000
3iIXLENg80KlHtUCJmWA8R,6J969du5ipFiRR3hRANP81,Marketplace Records,2025-11-04 00:00:00.0,2025-10-15 00:00:00.0,2025-11-14 00:00:00.0,0.0000000000,0.000000000000,TENK_RECORDS,RECORDS_STORED,ClearSale SA - PRD,Production,41.600000
3iIXLENg80KlHtUCJmWA8R,e959858a4b2644c19a39fd,Data Access Management - Policy Pushdown,2025-11-04 00:00:00.0,2025-10-15 00:00:00.0,2025-11-14 00:00:00.0,0.0000000000,0.000000000000,HUNDRED_RECORDS,RECORDS_STORED,ClearSale SA - PRD,Production,0.600000
3iIXLENg80KlHtUCJmWA8R,3sY0I8UHjyTiXcLzZI1fqj,Governance Records,2025-11-05 00:00:00.0,2025-10-15 00:00:00.0,2025-11-14 00:00:00.0,250.0000000000,0.237500000000,TENK_RECORDS,RECORDS_STORED,ClearSale SA - PRD,Production,9.500000
3iIXLENg80KlHtUCJmWA8R,5hflTd89LojbuPtkRvPd8o,Catalog Records,2025-11-05 00:00:00.0,2025-10-15 00:00:00.0,2025-11-14 00:00:00.0,143291.0000000000,1.189315300000,HUNDREDK_RECORDS,RECORDS_STORED,ClearSale SA - PRD,Production,0.830000
3iIXLENg80KlHtUCJmWA8R,6J969du5ipFiRR3hRANP81,Marketplace Records,2025-11-05 00:00:00.0,2025-10-15 00:00:00.0,2025-11-14 00:00:00.0,0.0000000000,0.000000000000,TENK_RECORDS,RECORDS_STORED,ClearSale SA - PRD,Production,41.600000
3iIXLENg80KlHtUCJmWA8R,e959858a4b2644c19a39fd,Data Access Management - Policy Pushdown,2025-11-05 00:00:00.0,2025-10-15 00:00:00.0,2025-11-14 00:00:00.0,0.0000000000,0.000000000000,HUNDRED_RECORDS,RECORDS_STORED,ClearSale SA - PRD,Production,0.600000
3iIXLENg80KlHtUCJmWA8R,3sY0I8UHjyTiXcLzZI1fqj,Governance Records,2025-11-06 00:00:00.0,2025-10-15 00:00:00.0,2025-11-14 00:00:00.0,250.0000000000,0.237500000000,TENK_RECORDS,RECORDS_STORED,ClearSale SA - PRD,Production,9.500000
3iIXLENg80KlHtUCJmWA8R,5hflTd89LojbuPtkRvPd8o,Catalog Records,2025-11-06 00:00:00.0,2025-10-15 00:00:00.0,2025-11-14 00:00:00.0,143291.0000000000,1.189315300000,HUNDREDK_RECORDS,RECORDS_STORED,ClearSale SA - PRD,Production,0.830000
3iIXLENg80KlHtUCJmWA8R,6J969du5ipFiRR3hRANP81,Marketplace Records,2025-11-06 00:00:00.0,2025-10-15 00:00:00.0,2025-11-14 00:00:00.0,0.0000000000,0.000000000000,TENK_RECORDS,RECORDS_STORED,ClearSale SA - PRD,Production,41.600000
3iIXLENg80KlHtUCJmWA8R,e959858a4b2644c19a39fd,Data Access Management - Policy Pushdown,2025-11-06 00:00:00.0,2025-10-15 00:00:00.0,2025-11-14 00:00:00.0,0.0000000000,0.000000000000,HUNDRED_RECORDS,RECORDS_STORED,ClearSale SA - PRD,Production,0.600000
3iIXLENg80KlHtUCJmWA8R,1XzBBPzFTAlk77lGUvVPIS,Scanner Execution,2025-11-07 00:00:00.0,2025-10-15 00:00:00.0,2025-11-14 00:00:00.0,0.0037768392,0.001208588533,HOURS,COMPUTE_UNITS,ClearSale SA - PRD,Production,0.320000
3iIXLENg80KlHtUCJmWA8R,3sY0I8UHjyTiXcLzZI1fqj,Governance Records,2025-11-07 00:00:00.0,2025-10-15 00:00:00.0,2025-11-14 00:00:00.0,250.0000000000,0.237500000000,TENK_RECORDS,RECORDS_STORED,ClearSale SA - PRD,Production,9.500000
3iIXLENg80KlHtUCJmWA8R,5hflTd89LojbuPtkRvPd8o,Catalog Records,2025-11-07 00:00:00.0,2025-10-15 00:00:00.0,2025-11-14 00:00:00.0,143291.0000000000,1.189315300000,HUNDREDK_RECORDS,RECORDS_STORED,ClearSale SA - PRD,Production,0.830000
3iIXLENg80KlHtUCJmWA8R,6J969du5ipFiRR3hRANP81,Marketplace Records,2025-11-07 00:00:00.0,2025-10-15 00:00:00.0,2025-11-14 00:00:00.0,0.0000000000,0.000000000000,TENK_RECORDS,RECORDS_STORED,ClearSale SA - PRD,Production,41.600000
3iIXLENg80KlHtUCJmWA8R,e959858a4b2644c19a39fd,Data Access Management - Policy Pushdown,2025-11-07 00:00:00.0,2025-10-15 00:00:00.0,2025-11-14 00:00:00.0,0.0000000000,0.000000000000,HUNDRED_RECORDS,RECORDS_STORED,ClearSale SA - PRD,Production,0.600000
3iIXLENg80KlHtUCJmWA8R,3sY0I8UHjyTiXcLzZI1fqj,Governance Records,2025-11-08 00:00:00.0,2025-10-15 00:00:00.0,2025-11-14 00:00:00.0,250.0000000000,0.237500000000,TENK_RECORDS,RECORDS_STORED,ClearSale SA - PRD,Production,9.500000
3iIXLENg80KlHtUCJmWA8R,5hflTd89LojbuPtkRvPd8o,Catalog Records,2025-11-08 00:00:00.0,2025-10-15 00:00:00.0,2025-11-14 00:00:00.0,143291.0000000000,1.189315300000,HUNDREDK_RECORDS,RECORDS_STORED,ClearSale SA - PRD,Production,0.830000
3iIXLENg80KlHtUCJmWA8R,6J969du5ipFiRR3hRANP81,Marketplace Records,2025-11-08 00:00:00.0,2025-10-15 00:00:00.0,2025-11-14 00:00:00.0,0.0000000000,0.000000000000,TENK_RECORDS,RECORDS_STORED,ClearSale SA - PRD,Production,41.600000
3iIXLENg80KlHtUCJmWA8R,e959858a4b2644c19a39fd,Data Access Management - Policy Pushdown,2025-11-08 00:00:00.0,2025-10-15 00:00:00.0,2025-11-14 00:00:00.0,0.0000000000,0.000000000000,HUNDRED_RECORDS,RECORDS_STORED,ClearSale SA - PRD,Production,0.600000
3iIXLENg80KlHtUCJmWA8R,3sY0I8UHjyTiXcLzZI1fqj,Governance Records,2025-11-09 00:00:00.0,2025-10-15 00:00:00.0,2025-11-14 00:00:00.0,250.0000000000,0.237500000000,TENK_RECORDS,RECORDS_STORED,ClearSale SA - PRD,Production,9.500000
3iIXLENg80KlHtUCJmWA8R,5hflTd89LojbuPtkRvPd8o,Catalog Records,2025-11-09 00:00:00.0,2025-10-15 00:00:00.0,2025-11-14 00:00:00.0,143291.0000000000,1.189315300000,HUNDREDK_RECORDS,RECORDS_STORED,ClearSale SA - PRD,Production,0.830000
3iIXLENg80KlHtUCJmWA8R,6J969du5ipFiRR3hRANP81,Marketplace Records,2025-11-09 00:00:00.0,2025-10-15 00:00:00.0,2025-11-14 00:00:00.0,0.0000000000,0.000000000000,TENK_RECORDS,RECORDS_STORED,ClearSale SA - PRD,Production,41.600000
3iIXLENg80KlHtUCJmWA8R,e959858a4b2644c19a39fd,Data Access Management - Policy Pushdown,2025-11-09 00:00:00.0,2025-10-15 00:00:00.0,2025-11-14 00:00:00.0,0.0000000000,0.000000000000,HUNDRED_RECORDS,RECORDS_STORED,ClearSale SA - PRD,Production,0.600000
