Task ID,Task Name,Task Object Name,Task Type,Task Run ID,Project Name,Folder Name,Org ID,Environment ID,Environment,Cores Used,Start Time,End Time,Status,Metered Value,Audit Time,OBM Task Time(s)
01CR7S1700000000007D,m_MDM_SAP_2_MDM_CLIENTEGRANULAR,,MTT_DP,1,CLIENTES_PALIATIVO_SAP,,64OAExn3HrTdhSZfzbroa1,1TChVzo2OsJb5DVi8oM4eB,VLI_Logistica_DEV,0.0,2025-08-20 17:52:23.0,2025-08-20 17:52:31.0,SUCCESS,0.002222,2025-08-20 17:52:31.0,0
01CR7S1700000000007D,m_MDM_SAP_2_MDM_CLIENTEGRANULAR,,MTT_DP,2,CLIENTES_PALIATIVO_SAP,,64OAExn3HrTdhSZfzbroa1,1TChVzo2OsJb5DVi8oM4eB,VLI_Logistica_DEV,0.0,2025-08-20 17:53:43.0,2025-08-20 17:53:50.0,SUCCESS,0.001944,2025-08-20 17:53:50.0,0
01CR7S1700000000007D,m_MDM_SAP_2_MDM_CLIENTEGRANULAR,,MTT_DP,3,CLIENTES_PALIATIVO_SAP,,64OAExn3HrTdhSZfzbroa1,1TChVzo2OsJb5DVi8oM4eB,VLI_Logistica_DEV,0.0,2025-08-20 17:54:38.0,2025-08-20 17:54:45.0,SUCCESS,0.001944,2025-08-20 17:54:45.0,0
01CR7S1700000000007D,m_MDM_SAP_2_MDM_CLIENTEGRANULAR,,MTT_DP,4,CLIENTES_PALIATIVO_SAP,,64OAExn3HrTdhSZfzbroa1,1TChVzo2OsJb5DVi8oM4eB,VLI_Logistica_DEV,0.0,2025-08-20 17:58:51.0,2025-08-20 17:59:00.0,SUCCESS,0.0025,2025-08-20 17:59:00.0,0
01CR7S1700000000007D,m_MDM_SAP_2_MDM_CLIENTEGRANULAR,,MTT_DP,5,CLIENTES_PALIATIVO_SAP,,64OAExn3HrTdhSZfzbroa1,1TChVzo2OsJb5DVi8oM4eB,VLI_Logistica_DEV,0.0,2025-08-20 17:59:57.0,2025-08-20 18:00:05.0,SUCCESS,0.002222,2025-08-20 18:00:05.0,0
01CR7S1700000000007D,m_MDM_SAP_2_MDM_CLIENTEGRANULAR,,MTT_DP,6,CLIENTES_PALIATIVO_SAP,,64OAExn3HrTdhSZfzbroa1,1TChVzo2OsJb5DVi8oM4eB,VLI_Logistica_DEV,0.0,2025-08-20 18:05:16.0,2025-08-20 18:05:24.0,SUCCESS,0.002222,2025-08-20 18:05:24.0,0
