Date,Project,Folder,Org ID,Org Type,Consumption (IPUs)
2025-08-21T00:00:00Z,null,null,0Nlc01DYHHse7SsRKVb76p,Production,1.376693500000
2025-08-21T00:00:00Z,CLIENTE_AUDITORIA-PREPARADA,PNE - Cliente,0Nlc01DYHHse7SsRKVb76p,Production,0.002711040000
2025-08-21T00:00:00Z,CLIENTE_AUDITORIA-PREPARADA,SALESFORCE - Cliente,0Nlc01DYHHse7SsRKVb76p,Production,0.023600160000
2025-08-21T00:00:00Z,CLIENTE_AUDITORIA-PREPARADA,SIOP ADM - Cliente,0Nlc01DYHHse7SsRKVb76p,Production,0.001066720000
2025-08-21T00:00:00Z,CLIENTE_AUDITORIA-PREPARADA,SIOP PORTOS - Cliente,0Nlc01DYHHse7SsRKVb76p,Production,0.000933280000
2025-08-21T00:00:00Z,CLIENTE_GOLDEN_RECORD,BUSINESS ENTITY CLIENTE,0Nlc01DYHHse7SsRKVb76p,Production,0.000000000000
2025-08-21T00:00:00Z,CLIENTE_GOLDEN_RECORD,PNE CLIENTE EXTERNO,0Nlc01DYHHse7SsRKVb76p,Production,0.000000000000
2025-08-21T00:00:00Z,CLIENTE_GOLDEN_RECORD,SALESFORCE ACCOUNT,0Nlc01DYHHse7SsRKVb76p,Production,0.000000000000
2025-08-21T00:00:00Z,CLIENTE_GOLDEN_RECORD,SIOP PORTO GERAL,0Nlc01DYHHse7SsRKVb76p,Production,0.000000000000
2025-08-21T00:00:00Z,CLIENTE_GOLDEN_RECORD,SIOP PORTO TIPLAM,0Nlc01DYHHse7SsRKVb76p,Production,0.000000000000
2025-08-21T00:00:00Z,CLIENTE_GOLDEN_RECORD,SIOP TERMINAIS,0Nlc01DYHHse7SsRKVb76p,Production,0.000000000000
2025-08-21T00:00:00Z,CLIENTE_QUALIDADE-STAGING,PNE - Cliente,0Nlc01DYHHse7SsRKVb76p,Production,0.007177440000
2025-08-21T00:00:00Z,CLIENTE_QUALIDADE-STAGING,Salesforce - Cliente,0Nlc01DYHHse7SsRKVb76p,Production,0.211645300000
2025-08-21T00:00:00Z,CLIENTE_QUALIDADE-STAGING,SIOP ADM - Cliente,0Nlc01DYHHse7SsRKVb76p,Production,0.002533080000
2025-08-21T00:00:00Z,CLIENTE_QUALIDADE-STAGING,SIOP PORTOS - Cliente,0Nlc01DYHHse7SsRKVb76p,Production,0.003905640000
2025-08-21T00:00:00Z,CLIENTE_REPLICA,PNE,0Nlc01DYHHse7SsRKVb76p,Production,0.020177760000
2025-08-21T00:00:00Z,CLIENTE_REPLICA,SIOP Portos Geral,0Nlc01DYHHse7SsRKVb76p,Production,0.027022080000
2025-08-21T00:00:00Z,CLIENTE_REPLICA,SIOP Portos Tiplam,0Nlc01DYHHse7SsRKVb76p,Production,0.028666720000
2025-08-21T00:00:00Z,CLIENTE_REPLICA,SIOP Terminais,0Nlc01DYHHse7SsRKVb76p,Production,0.008177760000
2025-08-20T00:00:00Z,null,null,0Nlc01DYHHse7SsRKVb76p,Production,1.376693501000
2025-08-20T00:00:00Z,CLIENTE_AUDITORIA-PREPARADA,PNE - Cliente,0Nlc01DYHHse7SsRKVb76p,Production,0.004711040000
2025-08-20T00:00:00Z,CLIENTE_AUDITORIA-PREPARADA,SALESFORCE - Cliente,0Nlc01DYHHse7SsRKVb76p,Production,0.063243520000
2025-08-20T00:00:00Z,CLIENTE_AUDITORIA-PREPARADA,SIOP ADM - Cliente,0Nlc01DYHHse7SsRKVb76p,Production,0.003733440000
2025-08-20T00:00:00Z,CLIENTE_AUDITORIA-PREPARADA,SIOP PORTOS - Cliente,0Nlc01DYHHse7SsRKVb76p,Production,0.002622080000
2025-08-20T00:00:00Z,CLIENTE_GOLDEN_RECORD,BUSINESS ENTITY CLIENTE,0Nlc01DYHHse7SsRKVb76p,Production,0.000000000000
2025-08-20T00:00:00Z,CLIENTE_GOLDEN_RECORD,PNE CLIENTE EXTERNO,0Nlc01DYHHse7SsRKVb76p,Production,0.000000000000
2025-08-20T00:00:00Z,CLIENTE_GOLDEN_RECORD,SALESFORCE ACCOUNT,0Nlc01DYHHse7SsRKVb76p,Production,0.000000000000
2025-08-20T00:00:00Z,CLIENTE_GOLDEN_RECORD,SIOP PORTO GERAL,0Nlc01DYHHse7SsRKVb76p,Production,0.000000000000
2025-08-20T00:00:00Z,CLIENTE_GOLDEN_RECORD,SIOP PORTO TIPLAM,0Nlc01DYHHse7SsRKVb76p,Production,0.000000000000
2025-08-20T00:00:00Z,CLIENTE_GOLDEN_RECORD,SIOP TERMINAIS,0Nlc01DYHHse7SsRKVb76p,Production,0.000000000000
2025-08-20T00:00:00Z,CLIENTE_QUALIDADE-STAGING,PNE - Cliente,0Nlc01DYHHse7SsRKVb76p,Production,0.032405260000
2025-08-20T00:00:00Z,CLIENTE_QUALIDADE-STAGING,Salesforce - Cliente,0Nlc01DYHHse7SsRKVb76p,Production,0.428839020000
2025-08-20T00:00:00Z,CLIENTE_QUALIDADE-STAGING,SIOP ADM - Cliente,0Nlc01DYHHse7SsRKVb76p,Production,0.010555640000
2025-08-20T00:00:00Z,CLIENTE_QUALIDADE-STAGING,SIOP PORTOS - Cliente,0Nlc01DYHHse7SsRKVb76p,Production,0.012983840000
2025-08-20T00:00:00Z,CLIENTE_REPLICA,PNE,0Nlc01DYHHse7SsRKVb76p,Production,0.080710880000
2025-08-20T00:00:00Z,CLIENTE_REPLICA,SIOP Portos Geral,0Nlc01DYHHse7SsRKVb76p,Production,0.110488640000
2025-08-20T00:00:00Z,CLIENTE_REPLICA,SIOP Portos Tiplam,0Nlc01DYHHse7SsRKVb76p,Production,0.118488640000
2025-08-20T00:00:00Z,CLIENTE_REPLICA,SIOP Terminais,0Nlc01DYHHse7SsRKVb76p,Production,0.034399840000
