Org ID,Execution type,Executed asset,Date (in UTC),Invoked by,Execution env,status,Execution count,Total Execution time (in hours),Average Execution time (in seconds)
0Nlc01DYHHse7SsRKVb76p,Process,mp_MENSAGERIA_GRANULAR,2025-07-31,REST,01CR7T08000000000002_VLI_Logistica_PRD,Completed,30,0.1531772222,18.38127
0Nlc01DYHHse7SsRKVb76p,Process,mp_MENSAGERIA_GRANULAR,2025-07-31,REST,01CR7T08000000000002_VLI_Logistica_PRD,Faulted,1,0.0029394444,10.58200
0Nlc01DYHHse7SsRKVb76p,Process,mp_MENSAGERIA_GRANULAR,2025-07-31,Scheduler,01CR7T08000000000002_VLI_Logistica_PRD,Completed,105,0.2108630556,7.22959
0Nlc01DYHHse7SsRKVb76p,Process,mp_MENSAGERIA_GRANULAR,2025-07-31,Scheduler,01CR7T08000000000002_VLI_Logistica_PRD,Faulted,2,0.0011138889,2.00500
0Nlc01DYHHse7SsRKVb76p,Process,mp_MENSAGERIA_GESTAO,2025-07-31,REST,01CR7T08000000000002_VLI_Logistica_PRD,Completed,1,0.0001550000,0.55800
0Nlc01DYHHse7SsRKVb76p,Process,mp_MENSAGERIA_GESTAO,2025-07-31,Scheduler,01CR7T08000000000002_VLI_Logistica_PRD,Completed,97,0.0040047222,0.14863
0Nlc01DYHHse7SsRKVb76p,Process,mp_MENSAGERIA_SEGMENTACAO,2025-07-31,REST,01CR7T08000000000002_VLI_Logistica_PRD,Completed,1,0.0001911111,0.68800
0Nlc01DYHHse7SsRKVb76p,Process,mp_MENSAGERIA_SEGMENTACAO,2025-07-31,Scheduler,01CR7T08000000000002_VLI_Logistica_PRD,Completed,97,0.0036844444,0.13674
0Nlc01DYHHse7SsRKVb76p,Process,mp_MENSAGERIA_GRANULAR,2025-08-01,REST,01CR7T08000000000002_VLI_Logistica_PRD,Completed,5,0.0007680556,0.55300
0Nlc01DYHHse7SsRKVb76p,Process,mp_MENSAGERIA_GRANULAR,2025-08-01,Scheduler,01CR7T08000000000002_VLI_Logistica_PRD,Completed,110,0.0454675000,1.48803
0Nlc01DYHHse7SsRKVb76p,Process,mp_MENSAGERIA_GESTAO,2025-08-01,REST,01CR7T08000000000002_VLI_Logistica_PRD,Completed,3,0.0000988889,0.11867
0Nlc01DYHHse7SsRKVb76p,Process,mp_MENSAGERIA_GESTAO,2025-08-01,Scheduler,01CR7T08000000000002_VLI_Logistica_PRD,Completed,110,0.0039241667,0.12843
0Nlc01DYHHse7SsRKVb76p,Process,mp_MENSAGERIA_SEGMENTACAO,2025-08-01,REST,01CR7T08000000000002_VLI_Logistica_PRD,Completed,1,0.0000583333,0.21000
0Nlc01DYHHse7SsRKVb76p,Process,mp_MENSAGERIA_SEGMENTACAO,2025-08-01,Scheduler,01CR7T08000000000002_VLI_Logistica_PRD,Completed,110,0.0016486111,0.05395
0Nlc01DYHHse7SsRKVb76p,Process,mp_Security_Logs_2_TB_CMDB,2025-08-01,Scheduler,01CR7T08000000000002_VLI_Logistica_PRD,Completed,1,0.0142519444,51.30700
0Nlc01DYHHse7SsRKVb76p,Process,mp_MENSAGERIA_GRANULAR,2025-08-02,Scheduler,01CR7T08000000000002_VLI_Logistica_PRD,Completed,168,0.0203991667,0.43713
0Nlc01DYHHse7SsRKVb76p,Process,mp_MENSAGERIA_GESTAO,2025-08-02,Scheduler,01CR7T08000000000002_VLI_Logistica_PRD,Completed,156,0.0053358333,0.12313
0Nlc01DYHHse7SsRKVb76p,Process,mp_MENSAGERIA_SEGMENTACAO,2025-08-02,Scheduler,01CR7T08000000000002_VLI_Logistica_PRD,Completed,156,0.0050505556,0.11655
0Nlc01DYHHse7SsRKVb76p,Process,mp_MENSAGERIA_GRANULAR,2025-08-03,Scheduler,01CR7T08000000000002_VLI_Logistica_PRD,Completed,168,0.0065430556,0.14021
0Nlc01DYHHse7SsRKVb76p,Process,EXCEL_2_CDGC_IMPORT,2025-08-03,Message Event,01CR7T08000000000002_VLI_Logistica_PRD,Completed,1,0.1040713889,374.65700
0Nlc01DYHHse7SsRKVb76p,Process,p_CDGC_EXPORT_CMDB_2_EXCEL,2025-08-03,Scheduler,01CR7T08000000000002_VLI_Logistica_PRD,Completed,1,0.1666666667,600.00000
0Nlc01DYHHse7SsRKVb76p,Process,mp_MENSAGERIA_GESTAO,2025-08-03,Scheduler,01CR7T08000000000002_VLI_Logistica_PRD,Completed,156,0.0051408333,0.11863
0Nlc01DYHHse7SsRKVb76p,Process,mp_MENSAGERIA_SEGMENTACAO,2025-08-03,Scheduler,01CR7T08000000000002_VLI_Logistica_PRD,Completed,156,0.0053936111,0.12447
0Nlc01DYHHse7SsRKVb76p,Process,mp_MENSAGERIA_GRANULAR,2025-08-04,Scheduler,01CR7T08000000000002_VLI_Logistica_PRD,Completed,168,0.0067602778,0.14486
0Nlc01DYHHse7SsRKVb76p,Process,p_Tibco_Cliente_Gestao,2025-08-04,Messaging Service,01CR7T08000000000002_VLI_Logistica_PRD,Completed,2,0.0001388889,0.25000
0Nlc01DYHHse7SsRKVb76p,Process,mp_MENSAGERIA_GESTAO,2025-08-04,Scheduler,01CR7T08000000000002_VLI_Logistica_PRD,Completed,156,0.0055063889,0.12707
0Nlc01DYHHse7SsRKVb76p,Process,p_Tibco_Cliente_Granular_Cli001,2025-08-04,Messaging Service,01CR7T08000000000002_VLI_Logistica_PRD,Completed,13,0.0012150000,0.33646
0Nlc01DYHHse7SsRKVb76p,Process,mp_MENSAGERIA_SEGMENTACAO,2025-08-04,Scheduler,01CR7T08000000000002_VLI_Logistica_PRD,Completed,156,0.0051002778,0.11770
0Nlc01DYHHse7SsRKVb76p,Process,p_Tibco_Cliente_Segmentacao,2025-08-04,Messaging Service,01CR7T08000000000002_VLI_Logistica_PRD,Completed,2,0.0003458333,0.62250
0Nlc01DYHHse7SsRKVb76p,Process,mp_Security_Logs_2_TB_CMDB,2025-08-04,Scheduler,01CR7T08000000000002_VLI_Logistica_PRD,Completed,1,0.0103850000,37.38600
0Nlc01DYHHse7SsRKVb76p,Process,mp_MENSAGERIA_GRANULAR,2025-08-05,Scheduler,01CR7T08000000000002_VLI_Logistica_PRD,Completed,168,0.0057166667,0.12250
0Nlc01DYHHse7SsRKVb76p,Process,EXCEL_2_CDGC_IMPORT,2025-08-05,Message Event,01CR7T08000000000002_VLI_Logistica_PRD,Faulted,1,0.1219175000,438.90300
0Nlc01DYHHse7SsRKVb76p,Process,p_CDGC_EXPORT_CMDB_2_EXCEL,2025-08-05,Scheduler,01CR7T08000000000002_VLI_Logistica_PRD,Completed,1,0.1666666667,600.00000
0Nlc01DYHHse7SsRKVb76p,Process,mp_MENSAGERIA_GESTAO,2025-08-05,Scheduler,01CR7T08000000000002_VLI_Logistica_PRD,Completed,156,0.0043122222,0.09951
0Nlc01DYHHse7SsRKVb76p,Process,mp_MENSAGERIA_SEGMENTACAO,2025-08-05,Scheduler,01CR7T08000000000002_VLI_Logistica_PRD,Completed,156,0.0038019444,0.08774
0Nlc01DYHHse7SsRKVb76p,Process,mp_MENSAGERIA_GRANULAR,2025-08-06,Scheduler,01CR7T08000000000002_VLI_Logistica_PRD,Completed,168,0.0060947222,0.13060
0Nlc01DYHHse7SsRKVb76p,Process,mp_MENSAGERIA_GESTAO,2025-08-06,Scheduler,01CR7T08000000000002_VLI_Logistica_PRD,Completed,156,0.0054277778,0.12526
0Nlc01DYHHse7SsRKVb76p,Process,p_Tibco_Cliente_Granular_Cli001,2025-08-06,Messaging Service,01CR7T08000000000002_VLI_Logistica_PRD,Completed,2,0.0003952778,0.71150
0Nlc01DYHHse7SsRKVb76p,Process,mp_MENSAGERIA_SEGMENTACAO,2025-08-06,Scheduler,01CR7T08000000000002_VLI_Logistica_PRD,Completed,156,0.0049605556,0.11447
0Nlc01DYHHse7SsRKVb76p,Process,mp_Security_Logs_2_TB_CMDB,2025-08-06,Scheduler,01CR7T08000000000002_VLI_Logistica_PRD,Completed,1,0.0101913889,36.68900
0Nlc01DYHHse7SsRKVb76p,Process,mp_MENSAGERIA_GRANULAR,2025-08-07,Scheduler,01CR7T08000000000002_VLI_Logistica_PRD,Completed,168,0.0070700000,0.15150
0Nlc01DYHHse7SsRKVb76p,Process,mp_MENSAGERIA_GESTAO,2025-08-07,Scheduler,01CR7T08000000000002_VLI_Logistica_PRD,Completed,156,0.0065405556,0.15094
0Nlc01DYHHse7SsRKVb76p,Process,mp_MENSAGERIA_SEGMENTACAO,2025-08-07,Scheduler,01CR7T08000000000002_VLI_Logistica_PRD,Completed,156,0.0064308333,0.14840
0Nlc01DYHHse7SsRKVb76p,Process,mp_MENSAGERIA_GRANULAR,2025-08-08,Scheduler,01CR7T08000000000002_VLI_Logistica_PRD,Completed,168,0.0076869444,0.16472
0Nlc01DYHHse7SsRKVb76p,Process,mp_MENSAGERIA_GESTAO,2025-08-08,Scheduler,01CR7T08000000000002_VLI_Logistica_PRD,Completed,156,0.0049452778,0.11412
0Nlc01DYHHse7SsRKVb76p,Process,p_Tibco_Cliente_Granular_Cli001,2025-08-08,Messaging Service,01CR7T08000000000002_VLI_Logistica_PRD,Completed,12,0.0016191667,0.48575
0Nlc01DYHHse7SsRKVb76p,Process,mp_MENSAGERIA_SEGMENTACAO,2025-08-08,Scheduler,01CR7T08000000000002_VLI_Logistica_PRD,Completed,156,0.0048044444,0.11087
0Nlc01DYHHse7SsRKVb76p,Process,mp_Security_Logs_2_TB_CMDB,2025-08-08,Scheduler,01CR7T08000000000002_VLI_Logistica_PRD,Completed,1,0.0087572222,31.52600
0Nlc01DYHHse7SsRKVb76p,Process,mp_MENSAGERIA_GRANULAR,2025-08-09,Scheduler,01CR7T08000000000002_VLI_Logistica_PRD,Completed,168,0.0080580556,0.17267
0Nlc01DYHHse7SsRKVb76p,Process,mp_MENSAGERIA_GESTAO,2025-08-09,Scheduler,01CR7T08000000000002_VLI_Logistica_PRD,Completed,156,0.0062380556,0.14396
0Nlc01DYHHse7SsRKVb76p,Process,mp_MENSAGERIA_SEGMENTACAO,2025-08-09,Scheduler,01CR7T08000000000002_VLI_Logistica_PRD,Completed,156,0.0053511111,0.12349
0Nlc01DYHHse7SsRKVb76p,Process,mp_MENSAGERIA_GRANULAR,2025-08-10,Scheduler,01CR7T08000000000002_VLI_Logistica_PRD,Completed,168,0.0078025000,0.16720
0Nlc01DYHHse7SsRKVb76p,Process,EXCEL_2_CDGC_IMPORT,2025-08-10,Message Event,01CR7T08000000000002_VLI_Logistica_PRD,Completed,2,0.2080508333,374.49150
0Nlc01DYHHse7SsRKVb76p,Process,p_CDGC_EXPORT_CMDB_2_EXCEL,2025-08-10,Scheduler,01CR7T08000000000002_VLI_Logistica_PRD,Completed,2,0.3333333333,600.00000
0Nlc01DYHHse7SsRKVb76p,Process,p_CDGC_EXPORT_CMDB_2_EXCEL,2025-08-10,Scheduler,01CR7T08000000000002_VLI_Logistica_PRD,Faulted,5,0.5725500000,412.23600
0Nlc01DYHHse7SsRKVb76p,Process,mp_MENSAGERIA_GESTAO,2025-08-10,Scheduler,01CR7T08000000000002_VLI_Logistica_PRD,Completed,156,0.0075163889,0.17346
0Nlc01DYHHse7SsRKVb76p,Process,mp_MENSAGERIA_SEGMENTACAO,2025-08-10,Scheduler,01CR7T08000000000002_VLI_Logistica_PRD,Completed,156,0.0070177778,0.16195
0Nlc01DYHHse7SsRKVb76p,Process,mp_MENSAGERIA_GRANULAR,2025-08-11,Scheduler,01CR7T08000000000002_VLI_Logistica_PRD,Completed,168,0.5529541667,11.84902
0Nlc01DYHHse7SsRKVb76p,Process,p_Tibco_Cliente_Gestao,2025-08-11,Messaging Service,01CR7T08000000000002_VLI_Logistica_PRD,Completed,1,0.0001052778,0.37900
0Nlc01DYHHse7SsRKVb76p,Process,p_CDGC_2_EXCEL_EXPORT_BUSINESS_TERM-1,2025-08-11,REST,01CR7T08000000000002_VLI_Logistica_PRD,Completed,1,0.0880172222,316.86200
0Nlc01DYHHse7SsRKVb76p,Process,mp_MENSAGERIA_GESTAO,2025-08-11,Scheduler,01CR7T08000000000002_VLI_Logistica_PRD,Completed,156,0.0052422222,0.12097
0Nlc01DYHHse7SsRKVb76p,Process,p_Tibco_Cliente_Granular_Cli001,2025-08-11,Messaging Service,01CR7T08000000000002_VLI_Logistica_PRD,Completed,4,0.0010277778,0.92500
0Nlc01DYHHse7SsRKVb76p,Process,mp_MENSAGERIA_SEGMENTACAO,2025-08-11,Scheduler,01CR7T08000000000002_VLI_Logistica_PRD,Completed,156,0.0047205556,0.10894
0Nlc01DYHHse7SsRKVb76p,Process,mp_Security_Logs_2_TB_CMDB,2025-08-11,Scheduler,01CR7T08000000000002_VLI_Logistica_PRD,Completed,1,0.0154644444,55.67200
0Nlc01DYHHse7SsRKVb76p,Process,mp_MENSAGERIA_GRANULAR,2025-08-12,Scheduler,01CR7T08000000000002_VLI_Logistica_PRD,Completed,168,0.0074408333,0.15945
0Nlc01DYHHse7SsRKVb76p,Process,p_Tibco_Cliente_Gestao,2025-08-12,Messaging Service,01CR7T08000000000002_VLI_Logistica_PRD,Completed,2,0.0003388889,0.61000
0Nlc01DYHHse7SsRKVb76p,Process,mp_MENSAGERIA_GESTAO,2025-08-12,Scheduler,01CR7T08000000000002_VLI_Logistica_PRD,Completed,156,0.0074666667,0.17231
0Nlc01DYHHse7SsRKVb76p,Process,p_Tibco_Cliente_Granular_Cli001,2025-08-12,Messaging Service,01CR7T08000000000002_VLI_Logistica_PRD,Completed,15,0.0020472222,0.49133
0Nlc01DYHHse7SsRKVb76p,Process,mp_MENSAGERIA_SEGMENTACAO,2025-08-12,Scheduler,01CR7T08000000000002_VLI_Logistica_PRD,Completed,156,0.0065508333,0.15117
0Nlc01DYHHse7SsRKVb76p,Process,mp_MENSAGERIA_GRANULAR,2025-08-13,Scheduler,01CR7T08000000000002_VLI_Logistica_PRD,Completed,168,0.0076405556,0.16373
0Nlc01DYHHse7SsRKVb76p,Process,p_Tibco_Cliente_Gestao,2025-08-13,Messaging Service,01CR7T08000000000002_VLI_Logistica_PRD,Completed,1,0.0002683333,0.96600
0Nlc01DYHHse7SsRKVb76p,Process,p_CDGC_2_EXCEL_EXPORT_BUSINESS_TERM-1,2025-08-13,REST,01CR7T08000000000002_VLI_Logistica_PRD,Completed,2,0.1056402778,190.15250
0Nlc01DYHHse7SsRKVb76p,Process,mp_MENSAGERIA_GESTAO,2025-08-13,Scheduler,01CR7T08000000000002_VLI_Logistica_PRD,Completed,156,0.0049477778,0.11418
0Nlc01DYHHse7SsRKVb76p,Process,p_Tibco_Cliente_Granular_Cli001,2025-08-13,Messaging Service,01CR7T08000000000002_VLI_Logistica_PRD,Completed,6,0.0008936111,0.53617
0Nlc01DYHHse7SsRKVb76p,Process,mp_MENSAGERIA_SEGMENTACAO,2025-08-13,Scheduler,01CR7T08000000000002_VLI_Logistica_PRD,Completed,156,0.0045950000,0.10604
0Nlc01DYHHse7SsRKVb76p,Process,mp_Security_Logs_2_TB_CMDB,2025-08-13,Scheduler,01CR7T08000000000002_VLI_Logistica_PRD,Completed,1,0.0119230556,42.92300
0Nlc01DYHHse7SsRKVb76p,Process,mp_MENSAGERIA_GRANULAR,2025-08-14,Scheduler,01CR7T08000000000002_VLI_Logistica_PRD,Completed,168,0.0062838889,0.13465
0Nlc01DYHHse7SsRKVb76p,Process,p_Tibco_Cliente_Gestao,2025-08-14,Messaging Service,01CR7T08000000000002_VLI_Logistica_PRD,Completed,2,0.0001422222,0.25600
0Nlc01DYHHse7SsRKVb76p,Process,mp_MENSAGERIA_GESTAO,2025-08-14,Scheduler,01CR7T08000000000002_VLI_Logistica_PRD,Completed,156,0.0062750000,0.14481
0Nlc01DYHHse7SsRKVb76p,Process,p_Tibco_Cliente_Granular_Cli001,2025-08-14,Messaging Service,01CR7T08000000000002_VLI_Logistica_PRD,Completed,13,0.0004755556,0.13169
0Nlc01DYHHse7SsRKVb76p,Process,mp_MENSAGERIA_SEGMENTACAO,2025-08-14,Scheduler,01CR7T08000000000002_VLI_Logistica_PRD,Completed,156,0.0056988889,0.13151
0Nlc01DYHHse7SsRKVb76p,Process,p_Tibco_Cliente_Segmentacao,2025-08-14,Messaging Service,01CR7T08000000000002_VLI_Logistica_PRD,Completed,1,0.0004738889,1.70600
0Nlc01DYHHse7SsRKVb76p,Process,mp_MENSAGERIA_GRANULAR,2025-08-15,Scheduler,01CR7T08000000000002_VLI_Logistica_PRD,Completed,42,0.0027455556,0.23533
0Nlc01DYHHse7SsRKVb76p,Process,mp_MENSAGERIA_GESTAO,2025-08-15,Scheduler,01CR7T08000000000002_VLI_Logistica_PRD,Completed,30,0.0024494444,0.29393
0Nlc01DYHHse7SsRKVb76p,Process,mp_MENSAGERIA_SEGMENTACAO,2025-08-15,Scheduler,01CR7T08000000000002_VLI_Logistica_PRD,Completed,30,0.0022461111,0.26953
0Nlc01DYHHse7SsRKVb76p,Process,mp_Security_Logs_2_TB_CMDB,2025-08-15,Scheduler,01CR7T08000000000002_VLI_Logistica_PRD,Completed,1,0.0155230556,55.88300
