Meter ID,Meter Name,Date,Asset Name,Asset Type,Project,Folder,Org ID,Org Type,Environment Name,Environment Type,Tier,IPU Per Unit,Usage,Consumption (IPUs)
5hflTd89LojbuPtkRvPd8o,Catalog Records,2025-08-21T00:00:00Z,null,null,null,null,0Nlc01DYHHse7SsRKVb76p,Production,environmentId,Cloud Hosted Service,0.000 - 500000.000,0.830000,160945.000000000000,1.335843500000
5hflTd89LojbuPtkRvPd8o,Catalog Records,2025-08-20T00:00:00Z,null,null,null,null,0Nlc01DYHHse7SsRKVb76p,Production,environmentId,Cloud Hosted Service,0.000 - 500000.000,0.830000,160945.000000000000,1.335843500000
a2nB20h1o0lc7k3P9xtWS8,Data Integration,2025-08-21T00:00:00Z,mt_TB_PNE_ClienteExterno_2_R_TB_ClienteExterno_Cli001,MCT,CLIENTE_REPLICA,PNE,0Nlc01DYHHse7SsRKVb76p,Production,VLI_Logistica_PRD,Secure Agent Group,0.000 - 2000.000,0.160000,0.052222000000,0.008355520000
a2nB20h1o0lc7k3P9xtWS8,Data Integration,2025-08-21T00:00:00Z,mt_FF_SIOPTIPLAM_TIPO_PESSOA_2_R_TB_Tipo_Pessoa_Cli001,MCT,CLIENTE_REPLICA,SIOP Portos Tiplam,0Nlc01DYHHse7SsRKVb76p,Production,VLI_Logistica_PRD,Secure Agent Group,0.000 - 2000.000,0.160000,0.053056000000,0.008488960000
a2nB20h1o0lc7k3P9xtWS8,Data Integration,2025-08-21T00:00:00Z,mt_TB_PNE_EXPEDIDOR_2_R_TB_Expedidor_Cli001,MCT,CLIENTE_REPLICA,PNE,0Nlc01DYHHse7SsRKVb76p,Production,VLI_Logistica_PRD,Secure Agent Group,0.000 - 2000.000,0.160000,0.073889000000,0.011822240000
a2nB20h1o0lc7k3P9xtWS8,Data Integration,2025-08-21T00:00:00Z,mt_FF_PNE_ENRIQUECIMENTO_2_TB_ClienteExterno_Cli003,MCT,CLIENTE_AUDITORIA-PREPARADA,PNE - Cliente,0Nlc01DYHHse7SsRKVb76p,Production,VLI_Logistica_PRD,Secure Agent Group,0.000 - 2000.000,0.160000,0.016944000000,0.002711040000
a2nB20h1o0lc7k3P9xtWS8,Data Integration,2025-08-21T00:00:00Z,mt_FF_SIOPTIPLAM_Pessoa_Tipo_2_R_TB_Pessoa_Tipo_Cli001,MCT,CLIENTE_REPLICA,SIOP Portos Tiplam,0Nlc01DYHHse7SsRKVb76p,Production,VLI_Logistica_PRD,Secure Agent Group,0.000 - 2000.000,0.160000,0.053611000000,0.008577760000
a2nB20h1o0lc7k3P9xtWS8,Data Integration,2025-08-21T00:00:00Z,mt_FF_SIOPPORTO_Pessoa_Tipo_2_R_TB_Pessoa_Tipo_Cli001,MCT,CLIENTE_REPLICA,SIOP Portos Geral,0Nlc01DYHHse7SsRKVb76p,Production,VLI_Logistica_PRD,Secure Agent Group,0.000 - 2000.000,0.160000,0.060555000000,0.009688800000
a2nB20h1o0lc7k3P9xtWS8,Data Integration,2025-08-21T00:00:00Z,mt_TB_SALESFORCE_ACCOUNT_2_TB_CLIENTEGESTAO_Cli002,MCT,CLIENTE_QUALIDADE-STAGING,Salesforce - Cliente,0Nlc01DYHHse7SsRKVb76p,Production,VLI_Logistica_PRD,Secure Agent Group,0.000 - 2000.000,0.160000,0.306388000000,0.049022080000
a2nB20h1o0lc7k3P9xtWS8,Data Integration,2025-08-21T00:00:00Z,mt_FF_SIOPTIPLAM_Pessoa_2_R_TB_Pessoa_Cli001,MCT,CLIENTE_REPLICA,SIOP Portos Tiplam,0Nlc01DYHHse7SsRKVb76p,Production,VLI_Logistica_PRD,Secure Agent Group,0.000 - 2000.000,0.160000,0.072500000000,0.011600000000
a2nB20h1o0lc7k3P9xtWS8,Data Integration,2025-08-21T00:00:00Z,mt_FF_SALESFORCE_ENRIQUECIMENTO_2_TB_Account_Cli003,MCT,CLIENTE_AUDITORIA-PREPARADA,SALESFORCE - Cliente,0Nlc01DYHHse7SsRKVb76p,Production,VLI_Logistica_PRD,Secure Agent Group,0.000 - 2000.000,0.160000,0.035834000000,0.005733440000
a2nB20h1o0lc7k3P9xtWS8,Data Integration,2025-08-21T00:00:00Z,mt_FF_SIOP_ADM_ENRIQUECIMENTO_2_TB_Empresas_Cli003,MCT,CLIENTE_AUDITORIA-PREPARADA,SIOP ADM - Cliente,0Nlc01DYHHse7SsRKVb76p,Production,VLI_Logistica_PRD,Secure Agent Group,0.000 - 2000.000,0.160000,0.006667000000,0.001066720000
a2nB20h1o0lc7k3P9xtWS8,Data Integration,2025-08-21T00:00:00Z,mt_TB_PREPARADA_ACCOUNT_2_TB_CLIENTEGRANULAR_Cli003,MCT,CLIENTE_AUDITORIA-PREPARADA,SALESFORCE - Cliente,0Nlc01DYHHse7SsRKVb76p,Production,VLI_Logistica_PRD,Secure Agent Group,0.000 - 2000.000,0.160000,0.111667000000,0.017866720000
a2nB20h1o0lc7k3P9xtWS8,Data Integration,2025-08-21T00:00:00Z,mt_FF_SIOPPORTO_PESSOA_2_R_TB_Pessoa_Cli001,MCT,CLIENTE_REPLICA,SIOP Portos Geral,0Nlc01DYHHse7SsRKVb76p,Production,VLI_Logistica_PRD,Secure Agent Group,0.000 - 2000.000,0.160000,0.058055000000,0.009288800000
a2nB20h1o0lc7k3P9xtWS8,Data Integration,2025-08-21T00:00:00Z,mt_FF_SIOPPORTO_TIPO_PESSOA_2_R_TB_Tipo_Pessoa_Cli001,MCT,CLIENTE_REPLICA,SIOP Portos Geral,0Nlc01DYHHse7SsRKVb76p,Production,VLI_Logistica_PRD,Secure Agent Group,0.000 - 2000.000,0.160000,0.050278000000,0.008044480000
a2nB20h1o0lc7k3P9xtWS8,Data Integration,2025-08-21T00:00:00Z,mt_FF_SIOP_PORTOS_ENRIQUECIMENTO_2_TB_Pessoa_Cli003,MCT,CLIENTE_AUDITORIA-PREPARADA,SIOP PORTOS - Cliente,0Nlc01DYHHse7SsRKVb76p,Production,VLI_Logistica_PRD,Secure Agent Group,0.000 - 2000.000,0.160000,0.005833000000,0.000933280000
a2nB20h1o0lc7k3P9xtWS8,Data Integration,2025-08-21T00:00:00Z,mt_FF_SIOPADM_CLIENTE_Empresas_2_R_TB_Empresas_Cli001,MCT,CLIENTE_REPLICA,SIOP Terminais,0Nlc01DYHHse7SsRKVb76p,Production,VLI_Logistica_PRD,Secure Agent Group,0.000 - 2000.000,0.160000,0.051111000000,0.008177760000
a2nB20h1o0lc7k3P9xtWS8,Data Integration,2025-08-21T00:00:00Z,mt_TB_SALESFORCE_ACCOUNT_2_TB_CLIENTESEGMENTACAO_Cli002,MCT,CLIENTE_QUALIDADE-STAGING,Salesforce - Cliente,0Nlc01DYHHse7SsRKVb76p,Production,VLI_Logistica_PRD,Secure Agent Group,0.000 - 2000.000,0.160000,1.000561000000,0.160089760000
a2nB20h1o0lc7k3P9xtWS8,Data Integration,2025-08-20T00:00:00Z,mt_FF_SIOPPORTO_Pessoa_Tipo_2_R_TB_Pessoa_Tipo_Cli001,MCT,CLIENTE_REPLICA,SIOP Portos Geral,0Nlc01DYHHse7SsRKVb76p,Production,VLI_Logistica_PRD,Secure Agent Group,0.000 - 2000.000,0.160000,0.231388000000,0.037022080000
a2nB20h1o0lc7k3P9xtWS8,Data Integration,2025-08-20T00:00:00Z,mt_FF_SIOPTIPLAM_Pessoa_2_R_TB_Pessoa_Cli001,MCT,CLIENTE_REPLICA,SIOP Portos Tiplam,0Nlc01DYHHse7SsRKVb76p,Production,VLI_Logistica_PRD,Secure Agent Group,0.000 - 2000.000,0.160000,0.236944000000,0.037911040000
a2nB20h1o0lc7k3P9xtWS8,Data Integration,2025-08-20T00:00:00Z,mt_TB_PNE_ClienteExterno_2_R_TB_ClienteExterno_Cli001,MCT,CLIENTE_REPLICA,PNE,0Nlc01DYHHse7SsRKVb76p,Production,VLI_Logistica_PRD,Secure Agent Group,0.000 - 2000.000,0.160000,0.216110000000,0.034577600000
a2nB20h1o0lc7k3P9xtWS8,Data Integration,2025-08-20T00:00:00Z,mt_FF_SIOPPORTO_TIPO_PESSOA_2_R_TB_Tipo_Pessoa_Cli001,MCT,CLIENTE_REPLICA,SIOP Portos Geral,0Nlc01DYHHse7SsRKVb76p,Production,VLI_Logistica_PRD,Secure Agent Group,0.000 - 2000.000,0.160000,0.179444000000,0.028711040000
a2nB20h1o0lc7k3P9xtWS8,Data Integration,2025-08-20T00:00:00Z,mt_FF_SIOPTIPLAM_TIPO_PESSOA_2_R_TB_Tipo_Pessoa_Cli001,MCT,CLIENTE_REPLICA,SIOP Portos Tiplam,0Nlc01DYHHse7SsRKVb76p,Production,VLI_Logistica_PRD,Secure Agent Group,0.000 - 2000.000,0.160000,0.247500000000,0.039600000000
a2nB20h1o0lc7k3P9xtWS8,Data Integration,2025-08-20T00:00:00Z,mt_TB_SALESFORCE_ACCOUNT_2_TB_CLIENTESEGMENTACAO_Cli002,MCT,CLIENTE_QUALIDADE-STAGING,Salesforce - Cliente,0Nlc01DYHHse7SsRKVb76p,Production,VLI_Logistica_PRD,Secure Agent Group,0.000 - 2000.000,0.160000,2.019727000000,0.323156320000
a2nB20h1o0lc7k3P9xtWS8,Data Integration,2025-08-20T00:00:00Z,mt_FF_SIOP_PORTOS_ENRIQUECIMENTO_2_TB_Pessoa_Cli003,MCT,CLIENTE_AUDITORIA-PREPARADA,SIOP PORTOS - Cliente,0Nlc01DYHHse7SsRKVb76p,Production,VLI_Logistica_PRD,Secure Agent Group,0.000 - 2000.000,0.160000,0.016388000000,0.002622080000
a2nB20h1o0lc7k3P9xtWS8,Data Integration,2025-08-20T00:00:00Z,mt_FF_SIOP_ADM_ENRIQUECIMENTO_2_TB_Empresas_Cli003,MCT,CLIENTE_AUDITORIA-PREPARADA,SIOP ADM - Cliente,0Nlc01DYHHse7SsRKVb76p,Production,VLI_Logistica_PRD,Secure Agent Group,0.000 - 2000.000,0.160000,0.023334000000,0.003733440000
a2nB20h1o0lc7k3P9xtWS8,Data Integration,2025-08-20T00:00:00Z,mt_FF_SIOPTIPLAM_Pessoa_Tipo_2_R_TB_Pessoa_Tipo_Cli001,MCT,CLIENTE_REPLICA,SIOP Portos Tiplam,0Nlc01DYHHse7SsRKVb76p,Production,VLI_Logistica_PRD,Secure Agent Group,0.000 - 2000.000,0.160000,0.256110000000,0.040977600000
a2nB20h1o0lc7k3P9xtWS8,Data Integration,2025-08-20T00:00:00Z,mt_FF_SIOPPORTO_PESSOA_2_R_TB_Pessoa_Cli001,MCT,CLIENTE_REPLICA,SIOP Portos Geral,0Nlc01DYHHse7SsRKVb76p,Production,VLI_Logistica_PRD,Secure Agent Group,0.000 - 2000.000,0.160000,0.279722000000,0.044755520000
a2nB20h1o0lc7k3P9xtWS8,Data Integration,2025-08-20T00:00:00Z,mt_TB_SALESFORCE_ACCOUNT_2_TB_CLIENTEGESTAO_Cli002,MCT,CLIENTE_QUALIDADE-STAGING,Salesforce - Cliente,0Nlc01DYHHse7SsRKVb76p,Production,VLI_Logistica_PRD,Secure Agent Group,0.000 - 2000.000,0.160000,0.583327000000,0.093332320000
a2nB20h1o0lc7k3P9xtWS8,Data Integration,2025-08-20T00:00:00Z,mt_FF_SIOPADM_CLIENTE_Empresas_2_R_TB_Empresas_Cli001,MCT,CLIENTE_REPLICA,SIOP Terminais,0Nlc01DYHHse7SsRKVb76p,Production,VLI_Logistica_PRD,Secure Agent Group,0.000 - 2000.000,0.160000,0.214999000000,0.034399840000
a2nB20h1o0lc7k3P9xtWS8,Data Integration,2025-08-20T00:00:00Z,mt_FF_SALESFORCE_ENRIQUECIMENTO_2_TB_Account_Cli003,MCT,CLIENTE_AUDITORIA-PREPARADA,SALESFORCE - Cliente,0Nlc01DYHHse7SsRKVb76p,Production,VLI_Logistica_PRD,Secure Agent Group,0.000 - 2000.000,0.160000,0.179445000000,0.028711200000
a2nB20h1o0lc7k3P9xtWS8,Data Integration,2025-08-20T00:00:00Z,mt_FF_PNE_ENRIQUECIMENTO_2_TB_ClienteExterno_Cli003,MCT,CLIENTE_AUDITORIA-PREPARADA,PNE - Cliente,0Nlc01DYHHse7SsRKVb76p,Production,VLI_Logistica_PRD,Secure Agent Group,0.000 - 2000.000,0.160000,0.029444000000,0.004711040000
a2nB20h1o0lc7k3P9xtWS8,Data Integration,2025-08-20T00:00:00Z,mt_TB_PREPARADA_ACCOUNT_2_TB_CLIENTEGRANULAR_Cli003,MCT,CLIENTE_AUDITORIA-PREPARADA,SALESFORCE - Cliente,0Nlc01DYHHse7SsRKVb76p,Production,VLI_Logistica_PRD,Secure Agent Group,0.000 - 2000.000,0.160000,0.215827000000,0.034532320000
a2nB20h1o0lc7k3P9xtWS8,Data Integration,2025-08-20T00:00:00Z,mt_TB_PNE_EXPEDIDOR_2_R_TB_Expedidor_Cli001,MCT,CLIENTE_REPLICA,PNE,0Nlc01DYHHse7SsRKVb76p,Production,VLI_Logistica_PRD,Secure Agent Group,0.000 - 2000.000,0.160000,0.288333000000,0.046133280000
cPnPIT3XYAziLqIoXtd0KC,Data Quality,2025-08-21T00:00:00Z,mt_TB_SIOP_PORTOS_PESSOA_2_FF_QD_SIOP_Enriquecimento_Cli002,MCT,CLIENTE_QUALIDADE-STAGING,SIOP PORTOS - Cliente,0Nlc01DYHHse7SsRKVb76p,Production,VLI_Logistica_PRD,Secure Agent Group,0.000 - 2000.000,0.380000,0.010278000000,0.003905640000
cPnPIT3XYAziLqIoXtd0KC,Data Quality,2025-08-21T00:00:00Z,mt_TB_SALESFORCE_ACCOUNT_2_FF_QD_SALESFORCE_Enriquecimento_Cli002,MCT,CLIENTE_QUALIDADE-STAGING,Salesforce - Cliente,0Nlc01DYHHse7SsRKVb76p,Production,VLI_Logistica_PRD,Secure Agent Group,0.000 - 2000.000,0.380000,0.006667000000,0.002533460000
cPnPIT3XYAziLqIoXtd0KC,Data Quality,2025-08-21T00:00:00Z,mt_TB_PNE_CLIENTE_EXTERNO_2_FF_PNE_Enriquecimento_Cli002,MCT,CLIENTE_QUALIDADE-STAGING,PNE - Cliente,0Nlc01DYHHse7SsRKVb76p,Production,VLI_Logistica_PRD,Secure Agent Group,0.000 - 2000.000,0.380000,0.018888000000,0.007177440000
cPnPIT3XYAziLqIoXtd0KC,Data Quality,2025-08-21T00:00:00Z,mt_TB_SIOP_ADM_EMPRESAS_2_FF_QD_SIOP_ADM_Enriquecimento_Cli002,MCT,CLIENTE_QUALIDADE-STAGING,SIOP ADM - Cliente,0Nlc01DYHHse7SsRKVb76p,Production,VLI_Logistica_PRD,Secure Agent Group,0.000 - 2000.000,0.380000,0.006666000000,0.002533080000
cPnPIT3XYAziLqIoXtd0KC,Data Quality,2025-08-20T00:00:00Z,mt_TB_SALESFORCE_ACCOUNT_2_FF_QD_SALESFORCE_Enriquecimento_Cli002,MCT,CLIENTE_QUALIDADE-STAGING,Salesforce - Cliente,0Nlc01DYHHse7SsRKVb76p,Production,VLI_Logistica_PRD,Secure Agent Group,0.000 - 2000.000,0.380000,0.032501000000,0.012350380000
cPnPIT3XYAziLqIoXtd0KC,Data Quality,2025-08-20T00:00:00Z,mt_TB_SIOP_PORTOS_PESSOA_2_FF_QD_SIOP_Enriquecimento_Cli002,MCT,CLIENTE_QUALIDADE-STAGING,SIOP PORTOS - Cliente,0Nlc01DYHHse7SsRKVb76p,Production,VLI_Logistica_PRD,Secure Agent Group,0.000 - 2000.000,0.380000,0.034168000000,0.012983840000
cPnPIT3XYAziLqIoXtd0KC,Data Quality,2025-08-20T00:00:00Z,mt_TB_SIOP_ADM_EMPRESAS_2_FF_QD_SIOP_ADM_Enriquecimento_Cli002,MCT,CLIENTE_QUALIDADE-STAGING,SIOP ADM - Cliente,0Nlc01DYHHse7SsRKVb76p,Production,VLI_Logistica_PRD,Secure Agent Group,0.000 - 2000.000,0.380000,0.027778000000,0.010555640000
cPnPIT3XYAziLqIoXtd0KC,Data Quality,2025-08-20T00:00:00Z,mt_TB_PNE_CLIENTE_EXTERNO_2_FF_PNE_Enriquecimento_Cli002,MCT,CLIENTE_QUALIDADE-STAGING,PNE - Cliente,0Nlc01DYHHse7SsRKVb76p,Production,VLI_Logistica_PRD,Secure Agent Group,0.000 - 2000.000,0.380000,0.085277000000,0.032405260000
3sY0I8UHjyTiXcLzZI1fqj,Governance Records,2025-08-21T00:00:00Z,null,null,null,null,0Nlc01DYHHse7SsRKVb76p,Production,environmentId,Cloud Hosted Service,0.000 - 40000.000,9.500000,43.000000000000,0.040850000000
3sY0I8UHjyTiXcLzZI1fqj,Governance Records,2025-08-20T00:00:00Z,null,null,null,null,0Nlc01DYHHse7SsRKVb76p,Production,environmentId,Cloud Hosted Service,0.000 - 40000.000,9.500000,43.000000000000,0.040850000000
jRkQw2YQksQjLqowj7Mveq,MDM Data Integration,2025-08-21T00:00:00Z,mt_P_TB_SIOP_TERMINAIS_2_MDM_Cli004,MCT,CLIENTE_GOLDEN_RECORD,SIOP TERMINAIS,0Nlc01DYHHse7SsRKVb76p,Production,VLI_Logistica_PRD,Secure Agent Group,0.000 +,0.000000,0.113611000000,0.000000000000
jRkQw2YQksQjLqowj7Mveq,MDM Data Integration,2025-08-21T00:00:00Z,mt_P_TB_SIOP_PORTO_TIPLAM_2_MDM_Cli004,MCT,CLIENTE_GOLDEN_RECORD,SIOP PORTO TIPLAM,0Nlc01DYHHse7SsRKVb76p,Production,VLI_Logistica_PRD,Secure Agent Group,0.000 +,0.000000,0.129444000000,0.000000000000
jRkQw2YQksQjLqowj7Mveq,MDM Data Integration,2025-08-21T00:00:00Z,mt_P_TB_SALESFORCE_ACCOUNT_2_MDM_Cli004,MCT,CLIENTE_GOLDEN_RECORD,SALESFORCE ACCOUNT,0Nlc01DYHHse7SsRKVb76p,Production,VLI_Logistica_PRD,Secure Agent Group,0.000 +,0.000000,0.157500000000,0.000000000000
jRkQw2YQksQjLqowj7Mveq,MDM Data Integration,2025-08-21T00:00:00Z,mt_P_TB_SIOP_PORTO_GERAL_2_MDM_Cli004,MCT,CLIENTE_GOLDEN_RECORD,SIOP PORTO GERAL,0Nlc01DYHHse7SsRKVb76p,Production,VLI_Logistica_PRD,Secure Agent Group,0.000 +,0.000000,0.107500000000,0.000000000000
jRkQw2YQksQjLqowj7Mveq,MDM Data Integration,2025-08-21T00:00:00Z,mt_MDM_2_CLIENTE_BUSINESS_ENTITY_Cli005,MCT,CLIENTE_GOLDEN_RECORD,BUSINESS ENTITY CLIENTE,0Nlc01DYHHse7SsRKVb76p,Production,VLI_Logistica_PRD,Secure Agent Group,0.000 +,0.000000,0.095000000000,0.000000000000
jRkQw2YQksQjLqowj7Mveq,MDM Data Integration,2025-08-21T00:00:00Z,mt_P_TB_CLIENTE_EXTERNO_2_MDM_Cli004,MCT,CLIENTE_GOLDEN_RECORD,PNE CLIENTE EXTERNO,0Nlc01DYHHse7SsRKVb76p,Production,VLI_Logistica_PRD,Secure Agent Group,0.000 +,0.000000,0.121667000000,0.000000000000
jRkQw2YQksQjLqowj7Mveq,MDM Data Integration,2025-08-20T00:00:00Z,mt_MDM_2_CLIENTE_BUSINESS_ENTITY_Cli005,MCT,CLIENTE_GOLDEN_RECORD,BUSINESS ENTITY CLIENTE,0Nlc01DYHHse7SsRKVb76p,Production,VLI_Logistica_PRD,Secure Agent Group,0.000 +,0.000000,0.132777000000,0.000000000000
jRkQw2YQksQjLqowj7Mveq,MDM Data Integration,2025-08-20T00:00:00Z,mt_P_TB_CLIENTE_EXTERNO_2_MDM_Cli004,MCT,CLIENTE_GOLDEN_RECORD,PNE CLIENTE EXTERNO,0Nlc01DYHHse7SsRKVb76p,Production,VLI_Logistica_PRD,Secure Agent Group,0.000 +,0.000000,0.158055000000,0.000000000000
jRkQw2YQksQjLqowj7Mveq,MDM Data Integration,2025-08-20T00:00:00Z,mt_P_TB_SIOP_PORTO_TIPLAM_2_MDM_Cli004,MCT,CLIENTE_GOLDEN_RECORD,SIOP PORTO TIPLAM,0Nlc01DYHHse7SsRKVb76p,Production,VLI_Logistica_PRD,Secure Agent Group,0.000 +,0.000000,0.133333000000,0.000000000000
jRkQw2YQksQjLqowj7Mveq,MDM Data Integration,2025-08-20T00:00:00Z,mt_P_TB_SIOP_TERMINAIS_2_MDM_Cli004,MCT,CLIENTE_GOLDEN_RECORD,SIOP TERMINAIS,0Nlc01DYHHse7SsRKVb76p,Production,VLI_Logistica_PRD,Secure Agent Group,0.000 +,0.000000,0.136111000000,0.000000000000
jRkQw2YQksQjLqowj7Mveq,MDM Data Integration,2025-08-20T00:00:00Z,mt_P_TB_SIOP_PORTO_GERAL_2_MDM_Cli004,MCT,CLIENTE_GOLDEN_RECORD,SIOP PORTO GERAL,0Nlc01DYHHse7SsRKVb76p,Production,VLI_Logistica_PRD,Secure Agent Group,0.000 +,0.000000,0.163611000000,0.000000000000
jRkQw2YQksQjLqowj7Mveq,MDM Data Integration,2025-08-20T00:00:00Z,mt_P_TB_SALESFORCE_ACCOUNT_2_MDM_Cli004,MCT,CLIENTE_GOLDEN_RECORD,SALESFORCE ACCOUNT,0Nlc01DYHHse7SsRKVb76p,Production,VLI_Logistica_PRD,Secure Agent Group,0.000 +,0.000000,0.208611000000,0.000000000000
xQ7fB0n3HtM8JlZk2W6sX1,Metadata Record Consumption,2025-08-20T00:00:00Z,null,null,null,null,0Nlc01DYHHse7SsRKVb76p,Production,SERVERLESS,SERVERLESS,0.000 - 100000.000,0.000001,1.000000000000,0.000000001000
