Org ID,Execution type,Executed asset,Date (in UTC),Invoked by,Execution env,status,Execution count,Total Execution time (in hours),Average Execution time (in seconds)
0Nlc01DYHHse7SsRKVb76p,Process,mp_MENSAGERIA_GRANULAR,2025-08-14,Scheduler,01CR7T08000000000002_VLI_Logistica_PRD,Completed,66,0.0032336111,0.17638
0Nlc01DYHHse7SsRKVb76p,Process,p_Tibco_Cliente_Gestao,2025-08-14,Messaging Service,01CR7T08000000000002_VLI_Logistica_PRD,Completed,2,0.0001422222,0.25600
0Nlc01DYHHse7SsRKVb76p,Process,mp_MENSAGERIA_GESTAO,2025-08-14,Scheduler,01CR7T08000000000002_VLI_Logistica_PRD,Completed,56,0.0032441667,0.20855
0Nlc01DYHHse7SsRKVb76p,Process,mp_MENSAGERIA_SEGMENTACAO,2025-08-14,Scheduler,01CR7T08000000000002_VLI_Logistica_PRD,Completed,56,0.0032247222,0.20730
0Nlc01DYHHse7SsRKVb76p,Process,p_Tibco_Cliente_Segmentacao,2025-08-14,Messaging Service,01CR7T08000000000002_VLI_Logistica_PRD,Completed,1,0.0004738889,1.70600
