OrgId,MeterId,MeterName,Date,BillingPeriodStartDate,BillingPeriodEndDate,MeterUsage,IPU,Scalar,MetricCategory,OrgName,OrgType,IPURate
64OAExn3HrTdhSZfzbroa1,3sY0I8UHjyTiXcLzZI1fqj,Governance Records,2025-08-20 00:00:00.0,2025-07-31 00:00:00.0,2025-08-30 00:00:00.0,9.0000000000,0.008550000000,TENK_RECORDS,RECORDS_STORED,VLI Logistica - QA,Sandbox,9.500000
64OAExn3HrTdhSZfzbroa1,5hflTd89LojbuPtkRvPd8o,Catalog Records,2025-08-20 00:00:00.0,2025-07-31 00:00:00.0,2025-08-30 00:00:00.0,116042.0000000000,0.963148600000,HUNDREDK_RECORDS,RECORDS_STORED,VLI Logistica - QA,Sandbox,0.830000
64OAExn3HrTdhSZfzbroa1,6J969du5ipFiRR3hRANP81,Marketplace Records,2025-08-20 00:00:00.0,2025-07-31 00:00:00.0,2025-08-30 00:00:00.0,0.0000000000,0.000000000000,TENK_RECORDS,RECORDS_STORED,VLI Logistica - QA,Sandbox,41.600000
64OAExn3HrTdhSZfzbroa1,a2nB20h1o0lc7k3P9xtWS8,Data Integration,2025-08-20 00:00:00.0,2025-07-31 00:00:00.0,2025-08-30 00:00:00.0,0.0130540000,0.002088640000,HOURS,COMPUTE_UNITS,VLI Logistica - QA,Sandbox,0.160000
64OAExn3HrTdhSZfzbroa1,cPnPIT3XYAziLqIoXtd0KC,Data Quality,2025-08-20 00:00:00.0,2025-07-31 00:00:00.0,2025-08-30 00:00:00.0,0.0350000000,0.013300000000,HOURS,COMPUTE_UNITS,VLI Logistica - QA,Sandbox,0.380000
64OAExn3HrTdhSZfzbroa1,e959858a4b2644c19a39fd,Data Access Management - Policy Pushdown,2025-08-20 00:00:00.0,2025-07-31 00:00:00.0,2025-08-30 00:00:00.0,0.0000000000,0.000000000000,HUNDRED_RECORDS,RECORDS_STORED,VLI Logistica - QA,Sandbox,0.600000
64OAExn3HrTdhSZfzbroa1,jRkQw2YQksQjLqowj7Mveq,MDM Data Integration,2025-08-20 00:00:00.0,2025-07-31 00:00:00.0,2025-08-30 00:00:00.0,0.1500000000,0.000000000000,HOURS,COMPUTE_UNITS,VLI Logistica - QA,Sandbox,0.000000
64OAExn3HrTdhSZfzbroa1,3sY0I8UHjyTiXcLzZI1fqj,Governance Records,2025-08-21 00:00:00.0,2025-07-31 00:00:00.0,2025-08-30 00:00:00.0,9.0000000000,0.008550000000,TENK_RECORDS,RECORDS_STORED,VLI Logistica - QA,Sandbox,9.500000
64OAExn3HrTdhSZfzbroa1,5hflTd89LojbuPtkRvPd8o,Catalog Records,2025-08-21 00:00:00.0,2025-07-31 00:00:00.0,2025-08-30 00:00:00.0,116042.0000000000,0.963148600000,HUNDREDK_RECORDS,RECORDS_STORED,VLI Logistica - QA,Sandbox,0.830000
64OAExn3HrTdhSZfzbroa1,6J969du5ipFiRR3hRANP81,Marketplace Records,2025-08-21 00:00:00.0,2025-07-31 00:00:00.0,2025-08-30 00:00:00.0,0.0000000000,0.000000000000,TENK_RECORDS,RECORDS_STORED,VLI Logistica - QA,Sandbox,41.600000
64OAExn3HrTdhSZfzbroa1,e959858a4b2644c19a39fd,Data Access Management - Policy Pushdown,2025-08-21 00:00:00.0,2025-07-31 00:00:00.0,2025-08-30 00:00:00.0,0.0000000000,0.000000000000,HUNDRED_RECORDS,RECORDS_STORED,VLI Logistica - QA,Sandbox,0.600000
64OAExn3HrTdhSZfzbroa1,jRkQw2YQksQjLqowj7Mveq,MDM Data Integration,2025-08-21 00:00:00.0,2025-07-31 00:00:00.0,2025-08-30 00:00:00.0,0.1002770000,0.000000000000,HOURS,COMPUTE_UNITS,VLI Logistica - QA,Sandbox,0.000000
