OrgId,MeterId,MeterName,Date,BillingPeriodStartDate,BillingPeriodEndDate,MeterUsage,IPU,Scalar,MetricCategory,OrgName,OrgType,IPURate
64OAExn3HrTdhSZfzbroa1,3sY0I8UHjyTiXcLzZI1fqj,Governance Records,2025-12-08 00:00:00.0,2025-12-01 00:00:00.0,2025-12-30 00:00:00.0,9.0000000000,0.008550000000,TENK_RECORDS,RECORDS_STORED,VLI Logistica - QA,Sandbox,9.500000
64OAExn3HrTdhSZfzbroa1,e959858a4b2644c19a39fd,Data Access Management - Policy Pushdown,2025-12-08 00:00:00.0,2025-12-01 00:00:00.0,2025-12-30 00:00:00.0,0.0000000000,0.000000000000,HUNDRED_RECORDS,RECORDS_STORED,VLI Logistica - QA,Sandbox,0.600000
64OAExn3HrTdhSZfzbroa1,3uIRkIV5Rt9lBbAPzeR5Kj,Application Integration,2025-12-08 00:00:00.0,2025-12-01 00:00:00.0,2025-12-30 00:00:00.0,0.0510419445,0.070437883410,HOURS,COMPUTE_UNITS,VLI Logistica - QA,Sandbox,1.380000
64OAExn3HrTdhSZfzbroa1,cPnPIT3XYAziLqIoXtd0KC,Data Quality,2025-12-08 00:00:00.0,2025-12-01 00:00:00.0,2025-12-30 00:00:00.0,1.5297290000,0.581297020000,HOURS,COMPUTE_UNITS,VLI Logistica - QA,Sandbox,0.380000
64OAExn3HrTdhSZfzbroa1,5hflTd89LojbuPtkRvPd8o,Catalog Records,2025-12-08 00:00:00.0,2025-12-01 00:00:00.0,2025-12-30 00:00:00.0,43367.0000000000,0.359946100000,HUNDREDK_RECORDS,RECORDS_STORED,VLI Logistica - QA,Sandbox,0.830000
64OAExn3HrTdhSZfzbroa1,a2nB20h1o0lc7k3P9xtWS8,Data Integration,2025-12-08 00:00:00.0,2025-12-01 00:00:00.0,2025-12-30 00:00:00.0,3.9966670000,0.639466720000,HOURS,COMPUTE_UNITS,VLI Logistica - QA,Sandbox,0.160000
64OAExn3HrTdhSZfzbroa1,6J969du5ipFiRR3hRANP81,Marketplace Records,2025-12-08 00:00:00.0,2025-12-01 00:00:00.0,2025-12-30 00:00:00.0,0.0000000000,0.000000000000,TENK_RECORDS,RECORDS_STORED,VLI Logistica - QA,Sandbox,41.600000
64OAExn3HrTdhSZfzbroa1,3e7ccb904b3011eebe5602,Taskflow Run,2025-12-08 00:00:00.0,2025-12-01 00:00:00.0,2025-12-30 00:00:00.0,68.0000000000,0.000000000000,THOUSAND_RUNS,RUNS,VLI Logistica - QA,Sandbox,0.000000
64OAExn3HrTdhSZfzbroa1,6J969du5ipFiRR3hRANP81,Marketplace Records,2025-12-09 00:00:00.0,2025-12-01 00:00:00.0,2025-12-30 00:00:00.0,0.0000000000,0.000000000000,TENK_RECORDS,RECORDS_STORED,VLI Logistica - QA,Sandbox,41.600000
64OAExn3HrTdhSZfzbroa1,jRkQw2YQksQjLqowj7Mveq,MDM Data Integration,2025-12-09 00:00:00.0,2025-12-01 00:00:00.0,2025-12-30 00:00:00.0,0.3974990000,0.000000000000,HOURS,COMPUTE_UNITS,VLI Logistica - QA,Sandbox,0.000000
64OAExn3HrTdhSZfzbroa1,e959858a4b2644c19a39fd,Data Access Management - Policy Pushdown,2025-12-09 00:00:00.0,2025-12-01 00:00:00.0,2025-12-30 00:00:00.0,0.0000000000,0.000000000000,HUNDRED_RECORDS,RECORDS_STORED,VLI Logistica - QA,Sandbox,0.600000
64OAExn3HrTdhSZfzbroa1,cPnPIT3XYAziLqIoXtd0KC,Data Quality,2025-12-09 00:00:00.0,2025-12-01 00:00:00.0,2025-12-30 00:00:00.0,2.3150050000,0.879701900000,HOURS,COMPUTE_UNITS,VLI Logistica - QA,Sandbox,0.380000
64OAExn3HrTdhSZfzbroa1,a2nB20h1o0lc7k3P9xtWS8,Data Integration,2025-12-09 00:00:00.0,2025-12-01 00:00:00.0,2025-12-30 00:00:00.0,6.1619470000,0.985911520000,HOURS,COMPUTE_UNITS,VLI Logistica - QA,Sandbox,0.160000
64OAExn3HrTdhSZfzbroa1,8OlcmVN4w7flLqqBIGtZYT,MDM Application Integration,2025-12-09 00:00:00.0,2025-12-01 00:00:00.0,2025-12-30 00:00:00.0,0.9679622222,0.000000000000,HOURS,COMPUTE_UNITS,VLI Logistica - QA,Sandbox,0.000000
64OAExn3HrTdhSZfzbroa1,5hflTd89LojbuPtkRvPd8o,Catalog Records,2025-12-09 00:00:00.0,2025-12-01 00:00:00.0,2025-12-30 00:00:00.0,43367.0000000000,0.359946100000,HUNDREDK_RECORDS,RECORDS_STORED,VLI Logistica - QA,Sandbox,0.830000
64OAExn3HrTdhSZfzbroa1,3uIRkIV5Rt9lBbAPzeR5Kj,Application Integration,2025-12-09 00:00:00.0,2025-12-01 00:00:00.0,2025-12-30 00:00:00.0,0.1218980556,0.168219316728,HOURS,COMPUTE_UNITS,VLI Logistica - QA,Sandbox,1.380000
64OAExn3HrTdhSZfzbroa1,3sY0I8UHjyTiXcLzZI1fqj,Governance Records,2025-12-09 00:00:00.0,2025-12-01 00:00:00.0,2025-12-30 00:00:00.0,9.0000000000,0.008550000000,TENK_RECORDS,RECORDS_STORED,VLI Logistica - QA,Sandbox,9.500000
64OAExn3HrTdhSZfzbroa1,3e7ccb904b3011eebe5602,Taskflow Run,2025-12-09 00:00:00.0,2025-12-01 00:00:00.0,2025-12-30 00:00:00.0,78.0000000000,0.000000000000,THOUSAND_RUNS,RUNS,VLI Logistica - QA,Sandbox,0.000000
64OAExn3HrTdhSZfzbroa1,6J969du5ipFiRR3hRANP81,Marketplace Records,2025-12-10 00:00:00.0,2025-12-01 00:00:00.0,2025-12-30 00:00:00.0,0.0000000000,0.000000000000,TENK_RECORDS,RECORDS_STORED,VLI Logistica - QA,Sandbox,41.600000
64OAExn3HrTdhSZfzbroa1,5hflTd89LojbuPtkRvPd8o,Catalog Records,2025-12-10 00:00:00.0,2025-12-01 00:00:00.0,2025-12-30 00:00:00.0,43367.0000000000,0.359946100000,HUNDREDK_RECORDS,RECORDS_STORED,VLI Logistica - QA,Sandbox,0.830000
64OAExn3HrTdhSZfzbroa1,a2nB20h1o0lc7k3P9xtWS8,Data Integration,2025-12-10 00:00:00.0,2025-12-01 00:00:00.0,2025-12-30 00:00:00.0,0.0486110000,0.007777760000,HOURS,COMPUTE_UNITS,VLI Logistica - QA,Sandbox,0.160000
64OAExn3HrTdhSZfzbroa1,3sY0I8UHjyTiXcLzZI1fqj,Governance Records,2025-12-10 00:00:00.0,2025-12-01 00:00:00.0,2025-12-30 00:00:00.0,9.0000000000,0.008550000000,TENK_RECORDS,RECORDS_STORED,VLI Logistica - QA,Sandbox,9.500000
64OAExn3HrTdhSZfzbroa1,3e7ccb904b3011eebe5602,Taskflow Run,2025-12-10 00:00:00.0,2025-12-01 00:00:00.0,2025-12-30 00:00:00.0,4.0000000000,0.000000000000,THOUSAND_RUNS,RUNS,VLI Logistica - QA,Sandbox,0.000000
64OAExn3HrTdhSZfzbroa1,e959858a4b2644c19a39fd,Data Access Management - Policy Pushdown,2025-12-10 00:00:00.0,2025-12-01 00:00:00.0,2025-12-30 00:00:00.0,0.0000000000,0.000000000000,HUNDRED_RECORDS,RECORDS_STORED,VLI Logistica - QA,Sandbox,0.600000
