Date,Project,Folder,Org ID,Org Type,Consumption (IPUs)
2025-08-15T00:00:00Z,null,null,0Nlc01DYHHse7SsRKVb76p,Production,1.380568016728
2025-08-15T00:00:00Z,CLIENTE_AUDITORIA-PREPARADA,PNE - Cliente,0Nlc01DYHHse7SsRKVb76p,Production,0.001911040000
2025-08-15T00:00:00Z,CLIENTE_AUDITORIA-PREPARADA,SALESFORCE - Cliente,0Nlc01DYHHse7SsRKVb76p,Production,0.026222240000
2025-08-15T00:00:00Z,CLIENTE_AUDITORIA-PREPARADA,SIOP ADM - Cliente,0Nlc01DYHHse7SsRKVb76p,Production,0.001111040000
2025-08-15T00:00:00Z,CLIENTE_AUDITORIA-PREPARADA,SIOP PORTOS - Cliente,0Nlc01DYHHse7SsRKVb76p,Production,0.000844480000
2025-08-15T00:00:00Z,CLIENTE_GOLDEN_RECORD,BUSINESS ENTITY CLIENTE,0Nlc01DYHHse7SsRKVb76p,Production,0.000000000000
2025-08-15T00:00:00Z,CLIENTE_GOLDEN_RECORD,PNE CLIENTE EXTERNO,0Nlc01DYHHse7SsRKVb76p,Production,0.000000000000
2025-08-15T00:00:00Z,CLIENTE_GOLDEN_RECORD,SALESFORCE ACCOUNT,0Nlc01DYHHse7SsRKVb76p,Production,0.000000000000
2025-08-15T00:00:00Z,CLIENTE_GOLDEN_RECORD,SIOP PORTO GERAL,0Nlc01DYHHse7SsRKVb76p,Production,0.000000000000
2025-08-15T00:00:00Z,CLIENTE_GOLDEN_RECORD,SIOP PORTO TIPLAM,0Nlc01DYHHse7SsRKVb76p,Production,0.000000000000
2025-08-15T00:00:00Z,CLIENTE_GOLDEN_RECORD,SIOP TERMINAIS,0Nlc01DYHHse7SsRKVb76p,Production,0.000000000000
2025-08-15T00:00:00Z,CLIENTE_QUALIDADE-STAGING,PNE - Cliente,0Nlc01DYHHse7SsRKVb76p,Production,0.005805640000
2025-08-15T00:00:00Z,CLIENTE_QUALIDADE-STAGING,Salesforce - Cliente,0Nlc01DYHHse7SsRKVb76p,Production,0.242617680000
2025-08-15T00:00:00Z,CLIENTE_QUALIDADE-STAGING,SIOP ADM - Cliente,0Nlc01DYHHse7SsRKVb76p,Production,0.003800000000
2025-08-15T00:00:00Z,CLIENTE_QUALIDADE-STAGING,SIOP PORTOS - Cliente,0Nlc01DYHHse7SsRKVb76p,Production,0.015410900000
2025-08-15T00:00:00Z,CLIENTE_REPLICA,PNE,0Nlc01DYHHse7SsRKVb76p,Production,0.025955520000
2025-08-15T00:00:00Z,CLIENTE_REPLICA,SIOP Portos Geral,0Nlc01DYHHse7SsRKVb76p,Production,0.026666560000
2025-08-15T00:00:00Z,CLIENTE_REPLICA,SIOP Portos Tiplam,0Nlc01DYHHse7SsRKVb76p,Production,0.036488800000
2025-08-15T00:00:00Z,CLIENTE_REPLICA,SIOP Terminais,0Nlc01DYHHse7SsRKVb76p,Production,0.014711040000
2025-08-14T00:00:00Z,null,null,0Nlc01DYHHse7SsRKVb76p,Production,1.399137835410
2025-08-14T00:00:00Z,CLIENTE_AUDITORIA-PREPARADA,PNE - Cliente,0Nlc01DYHHse7SsRKVb76p,Production,0.004088960000
2025-08-14T00:00:00Z,CLIENTE_AUDITORIA-PREPARADA,SALESFORCE - Cliente,0Nlc01DYHHse7SsRKVb76p,Production,0.054310560000
2025-08-14T00:00:00Z,CLIENTE_AUDITORIA-PREPARADA,SIOP ADM - Cliente,0Nlc01DYHHse7SsRKVb76p,Production,0.008400160000
2025-08-14T00:00:00Z,CLIENTE_AUDITORIA-PREPARADA,SIOP PORTOS - Cliente,0Nlc01DYHHse7SsRKVb76p,Production,0.002755520000
2025-08-14T00:00:00Z,CLIENTE_GOLDEN_RECORD,BUSINESS ENTITY CLIENTE,0Nlc01DYHHse7SsRKVb76p,Production,0.000000000000
2025-08-14T00:00:00Z,CLIENTE_GOLDEN_RECORD,PNE CLIENTE EXTERNO,0Nlc01DYHHse7SsRKVb76p,Production,0.000000000000
2025-08-14T00:00:00Z,CLIENTE_GOLDEN_RECORD,SALESFORCE ACCOUNT,0Nlc01DYHHse7SsRKVb76p,Production,0.000000000000
2025-08-14T00:00:00Z,CLIENTE_GOLDEN_RECORD,SIOP PORTO GERAL,0Nlc01DYHHse7SsRKVb76p,Production,0.000000000000
2025-08-14T00:00:00Z,CLIENTE_GOLDEN_RECORD,SIOP PORTO TIPLAM,0Nlc01DYHHse7SsRKVb76p,Production,0.000000000000
2025-08-14T00:00:00Z,CLIENTE_GOLDEN_RECORD,SIOP TERMINAIS,0Nlc01DYHHse7SsRKVb76p,Production,0.000000000000
2025-08-14T00:00:00Z,CLIENTE_QUALIDADE-STAGING,PNE - Cliente,0Nlc01DYHHse7SsRKVb76p,Production,0.023961660000
2025-08-14T00:00:00Z,CLIENTE_QUALIDADE-STAGING,Salesforce - Cliente,0Nlc01DYHHse7SsRKVb76p,Production,0.418866720000
2025-08-14T00:00:00Z,CLIENTE_QUALIDADE-STAGING,SIOP ADM - Cliente,0Nlc01DYHHse7SsRKVb76p,Production,0.016360900000
2025-08-14T00:00:00Z,CLIENTE_QUALIDADE-STAGING,SIOP PORTOS - Cliente,0Nlc01DYHHse7SsRKVb76p,Production,0.015411660000
2025-08-14T00:00:00Z,CLIENTE_REPLICA,PNE,0Nlc01DYHHse7SsRKVb76p,Production,0.040089120000
2025-08-14T00:00:00Z,CLIENTE_REPLICA,SIOP Portos Geral,0Nlc01DYHHse7SsRKVb76p,Production,0.059644480000
2025-08-14T00:00:00Z,CLIENTE_REPLICA,SIOP Portos Tiplam,0Nlc01DYHHse7SsRKVb76p,Production,0.061689440000
2025-08-14T00:00:00Z,CLIENTE_REPLICA,SIOP Terminais,0Nlc01DYHHse7SsRKVb76p,Production,0.023600000000
2025-08-13T00:00:00Z,null,null,0Nlc01DYHHse7SsRKVb76p,Production,1.560202368682
2025-08-13T00:00:00Z,Catálogo de Dados,Business Term,0Nlc01DYHHse7SsRKVb76p,Production,0.005466880000
2025-08-13T00:00:00Z,CLIENTE_AUDITORIA-PREPARADA,PNE - Cliente,0Nlc01DYHHse7SsRKVb76p,Production,0.003911040000
2025-08-13T00:00:00Z,CLIENTE_AUDITORIA-PREPARADA,SALESFORCE - Cliente,0Nlc01DYHHse7SsRKVb76p,Production,0.070666080000
2025-08-13T00:00:00Z,CLIENTE_AUDITORIA-PREPARADA,SIOP ADM - Cliente,0Nlc01DYHHse7SsRKVb76p,Production,0.004355680000
2025-08-13T00:00:00Z,CLIENTE_AUDITORIA-PREPARADA,SIOP PORTOS - Cliente,0Nlc01DYHHse7SsRKVb76p,Production,0.002711040000
2025-08-13T00:00:00Z,CLIENTE_GOLDEN_RECORD,BUSINESS ENTITY CLIENTE,0Nlc01DYHHse7SsRKVb76p,Production,0.000000000000
2025-08-13T00:00:00Z,CLIENTE_GOLDEN_RECORD,PNE CLIENTE EXTERNO,0Nlc01DYHHse7SsRKVb76p,Production,0.000000000000
2025-08-13T00:00:00Z,CLIENTE_GOLDEN_RECORD,SALESFORCE ACCOUNT,0Nlc01DYHHse7SsRKVb76p,Production,0.000000000000
2025-08-13T00:00:00Z,CLIENTE_GOLDEN_RECORD,SIOP PORTO GERAL,0Nlc01DYHHse7SsRKVb76p,Production,0.000000000000
2025-08-13T00:00:00Z,CLIENTE_GOLDEN_RECORD,SIOP PORTO TIPLAM,0Nlc01DYHHse7SsRKVb76p,Production,0.000000000000
2025-08-13T00:00:00Z,CLIENTE_GOLDEN_RECORD,SIOP TERMINAIS,0Nlc01DYHHse7SsRKVb76p,Production,0.000000000000
2025-08-13T00:00:00Z,CLIENTE_QUALIDADE-STAGING,PNE - Cliente,0Nlc01DYHHse7SsRKVb76p,Production,0.021216540000
2025-08-13T00:00:00Z,CLIENTE_QUALIDADE-STAGING,Salesforce - Cliente,0Nlc01DYHHse7SsRKVb76p,Production,0.433145200000
2025-08-13T00:00:00Z,CLIENTE_QUALIDADE-STAGING,SIOP ADM - Cliente,0Nlc01DYHHse7SsRKVb76p,Production,0.013616540000
2025-08-13T00:00:00Z,CLIENTE_QUALIDADE-STAGING,SIOP PORTOS - Cliente,0Nlc01DYHHse7SsRKVb76p,Production,0.013616540000
2025-08-13T00:00:00Z,CLIENTE_REPLICA,PNE,0Nlc01DYHHse7SsRKVb76p,Production,0.032488480000
2025-08-13T00:00:00Z,CLIENTE_REPLICA,SIOP Portos Geral,0Nlc01DYHHse7SsRKVb76p,Production,0.047600160000
2025-08-13T00:00:00Z,CLIENTE_REPLICA,SIOP Portos Tiplam,0Nlc01DYHHse7SsRKVb76p,Production,0.056444320000
2025-08-13T00:00:00Z,CLIENTE_REPLICA,SIOP Terminais,0Nlc01DYHHse7SsRKVb76p,Production,0.011511200000
2025-08-12T00:00:00Z,null,null,0Nlc01DYHHse7SsRKVb76p,Production,1.405295970682
2025-08-12T00:00:00Z,CLIENTE_AUDITORIA-PREPARADA,PNE - Cliente,0Nlc01DYHHse7SsRKVb76p,Production,0.005511040000
2025-08-12T00:00:00Z,CLIENTE_AUDITORIA-PREPARADA,SALESFORCE - Cliente,0Nlc01DYHHse7SsRKVb76p,Production,0.056666560000
2025-08-12T00:00:00Z,CLIENTE_AUDITORIA-PREPARADA,SIOP ADM - Cliente,0Nlc01DYHHse7SsRKVb76p,Production,0.004533440000
2025-08-12T00:00:00Z,CLIENTE_AUDITORIA-PREPARADA,SIOP PORTOS - Cliente,0Nlc01DYHHse7SsRKVb76p,Production,0.002844480000
2025-08-12T00:00:00Z,CLIENTE_GOLDEN_RECORD,BUSINESS ENTITY CLIENTE,0Nlc01DYHHse7SsRKVb76p,Production,0.000000000000
2025-08-12T00:00:00Z,CLIENTE_GOLDEN_RECORD,PNE CLIENTE EXTERNO,0Nlc01DYHHse7SsRKVb76p,Production,0.000000000000
2025-08-12T00:00:00Z,CLIENTE_GOLDEN_RECORD,SALESFORCE ACCOUNT,0Nlc01DYHHse7SsRKVb76p,Production,0.000000000000
2025-08-12T00:00:00Z,CLIENTE_GOLDEN_RECORD,SIOP PORTO GERAL,0Nlc01DYHHse7SsRKVb76p,Production,0.000000000000
2025-08-12T00:00:00Z,CLIENTE_GOLDEN_RECORD,SIOP PORTO TIPLAM,0Nlc01DYHHse7SsRKVb76p,Production,0.000000000000
2025-08-12T00:00:00Z,CLIENTE_GOLDEN_RECORD,SIOP TERMINAIS,0Nlc01DYHHse7SsRKVb76p,Production,0.000000000000
2025-08-12T00:00:00Z,CLIENTE_QUALIDADE-STAGING,PNE - Cliente,0Nlc01DYHHse7SsRKVb76p,Production,0.030611280000
2025-08-12T00:00:00Z,CLIENTE_QUALIDADE-STAGING,Salesforce - Cliente,0Nlc01DYHHse7SsRKVb76p,Production,0.395111080000
2025-08-12T00:00:00Z,CLIENTE_QUALIDADE-STAGING,SIOP ADM - Cliente,0Nlc01DYHHse7SsRKVb76p,Production,0.012455640000
2025-08-12T00:00:00Z,CLIENTE_QUALIDADE-STAGING,SIOP PORTOS - Cliente,0Nlc01DYHHse7SsRKVb76p,Production,0.014988720000
2025-08-12T00:00:00Z,CLIENTE_REPLICA,PNE,0Nlc01DYHHse7SsRKVb76p,Production,0.033733440000
2025-08-12T00:00:00Z,CLIENTE_REPLICA,SIOP Portos Geral,0Nlc01DYHHse7SsRKVb76p,Production,0.054000160000
2025-08-12T00:00:00Z,CLIENTE_REPLICA,SIOP Portos Tiplam,0Nlc01DYHHse7SsRKVb76p,Production,0.048089280000
2025-08-12T00:00:00Z,CLIENTE_REPLICA,SIOP Terminais,0Nlc01DYHHse7SsRKVb76p,Production,0.012177760000
2025-08-11T00:00:00Z,null,null,0Nlc01DYHHse7SsRKVb76p,Production,2.815833172807
2025-08-11T00:00:00Z,Catálogo de Dados,Business Term,0Nlc01DYHHse7SsRKVb76p,Production,0.006933280000
2025-08-11T00:00:00Z,CLIENTE_AUDITORIA-PREPARADA,PNE - Cliente,0Nlc01DYHHse7SsRKVb76p,Production,0.008089120000
2025-08-11T00:00:00Z,CLIENTE_AUDITORIA-PREPARADA,SALESFORCE - Cliente,0Nlc01DYHHse7SsRKVb76p,Production,0.058177600000
2025-08-11T00:00:00Z,CLIENTE_AUDITORIA-PREPARADA,SIOP ADM - Cliente,0Nlc01DYHHse7SsRKVb76p,Production,0.006133440000
2025-08-11T00:00:00Z,CLIENTE_AUDITORIA-PREPARADA,SIOP PORTOS - Cliente,0Nlc01DYHHse7SsRKVb76p,Production,0.005600160000
2025-08-11T00:00:00Z,CLIENTE_GOLDEN_RECORD,BUSINESS ENTITY CLIENTE,0Nlc01DYHHse7SsRKVb76p,Production,0.000000000000
2025-08-11T00:00:00Z,CLIENTE_GOLDEN_RECORD,PNE CLIENTE EXTERNO,0Nlc01DYHHse7SsRKVb76p,Production,0.000000000000
2025-08-11T00:00:00Z,CLIENTE_GOLDEN_RECORD,SALESFORCE ACCOUNT,0Nlc01DYHHse7SsRKVb76p,Production,0.000000000000
2025-08-11T00:00:00Z,CLIENTE_GOLDEN_RECORD,SIOP PORTO GERAL,0Nlc01DYHHse7SsRKVb76p,Production,0.000000000000
2025-08-11T00:00:00Z,CLIENTE_GOLDEN_RECORD,SIOP PORTO TIPLAM,0Nlc01DYHHse7SsRKVb76p,Production,0.000000000000
2025-08-11T00:00:00Z,CLIENTE_GOLDEN_RECORD,SIOP TERMINAIS,0Nlc01DYHHse7SsRKVb76p,Production,0.000000000000
2025-08-11T00:00:00Z,CLIENTE_QUALIDADE-STAGING,PNE - Cliente,0Nlc01DYHHse7SsRKVb76p,Production,0.022377820000
2025-08-11T00:00:00Z,CLIENTE_QUALIDADE-STAGING,Salesforce - Cliente,0Nlc01DYHHse7SsRKVb76p,Production,0.351705620000
2025-08-11T00:00:00Z,CLIENTE_QUALIDADE-STAGING,SIOP ADM - Cliente,0Nlc01DYHHse7SsRKVb76p,Production,0.016572180000
2025-08-11T00:00:00Z,CLIENTE_QUALIDADE-STAGING,SIOP PORTOS - Cliente,0Nlc01DYHHse7SsRKVb76p,Production,0.025122560000
2025-08-11T00:00:00Z,CLIENTE_REPLICA,PNE,0Nlc01DYHHse7SsRKVb76p,Production,0.033911040000
2025-08-11T00:00:00Z,CLIENTE_REPLICA,SIOP Portos Geral,0Nlc01DYHHse7SsRKVb76p,Production,0.041688800000
2025-08-11T00:00:00Z,CLIENTE_REPLICA,SIOP Portos Tiplam,0Nlc01DYHHse7SsRKVb76p,Production,0.049955520000
2025-08-11T00:00:00Z,CLIENTE_REPLICA,SIOP Terminais,0Nlc01DYHHse7SsRKVb76p,Production,0.009644320000
2025-08-10T00:00:00Z,null,null,0Nlc01DYHHse7SsRKVb76p,Production,2.939825528092
2025-08-10T00:00:00Z,Catálogo de Dados,CMDB,0Nlc01DYHHse7SsRKVb76p,Production,0.017466880000
2025-08-10T00:00:00Z,CLIENTE_AUDITORIA-PREPARADA,PNE - Cliente,0Nlc01DYHHse7SsRKVb76p,Production,0.003377760000
2025-08-10T00:00:00Z,CLIENTE_AUDITORIA-PREPARADA,SALESFORCE - Cliente,0Nlc01DYHHse7SsRKVb76p,Production,0.067421120000
2025-08-10T00:00:00Z,CLIENTE_AUDITORIA-PREPARADA,SIOP ADM - Cliente,0Nlc01DYHHse7SsRKVb76p,Production,0.003377920000
2025-08-10T00:00:00Z,CLIENTE_AUDITORIA-PREPARADA,SIOP PORTOS - Cliente,0Nlc01DYHHse7SsRKVb76p,Production,0.002533120000
2025-08-10T00:00:00Z,CLIENTE_GOLDEN_RECORD,BUSINESS ENTITY CLIENTE,0Nlc01DYHHse7SsRKVb76p,Production,0.000000000000
2025-08-10T00:00:00Z,CLIENTE_GOLDEN_RECORD,PNE CLIENTE EXTERNO,0Nlc01DYHHse7SsRKVb76p,Production,0.000000000000
2025-08-10T00:00:00Z,CLIENTE_GOLDEN_RECORD,SALESFORCE ACCOUNT,0Nlc01DYHHse7SsRKVb76p,Production,0.000000000000
2025-08-10T00:00:00Z,CLIENTE_GOLDEN_RECORD,SIOP PORTO GERAL,0Nlc01DYHHse7SsRKVb76p,Production,0.000000000000
2025-08-10T00:00:00Z,CLIENTE_GOLDEN_RECORD,SIOP PORTO TIPLAM,0Nlc01DYHHse7SsRKVb76p,Production,0.000000000000
2025-08-10T00:00:00Z,CLIENTE_GOLDEN_RECORD,SIOP TERMINAIS,0Nlc01DYHHse7SsRKVb76p,Production,0.000000000000
2025-08-10T00:00:00Z,CLIENTE_QUALIDADE-STAGING,PNE - Cliente,0Nlc01DYHHse7SsRKVb76p,Production,0.021322180000
2025-08-10T00:00:00Z,CLIENTE_QUALIDADE-STAGING,Salesforce - Cliente,0Nlc01DYHHse7SsRKVb76p,Production,0.402833060000
2025-08-10T00:00:00Z,CLIENTE_QUALIDADE-STAGING,SIOP ADM - Cliente,0Nlc01DYHHse7SsRKVb76p,Production,0.007916920000
2025-08-10T00:00:00Z,CLIENTE_QUALIDADE-STAGING,SIOP PORTOS - Cliente,0Nlc01DYHHse7SsRKVb76p,Production,0.017205640000
2025-08-10T00:00:00Z,CLIENTE_REPLICA,PNE,0Nlc01DYHHse7SsRKVb76p,Production,0.024000000000
2025-08-10T00:00:00Z,CLIENTE_REPLICA,SIOP Portos Geral,0Nlc01DYHHse7SsRKVb76p,Production,0.032889120000
2025-08-10T00:00:00Z,CLIENTE_REPLICA,SIOP Portos Tiplam,0Nlc01DYHHse7SsRKVb76p,Production,0.045955200000
2025-08-10T00:00:00Z,CLIENTE_REPLICA,SIOP Terminais,0Nlc01DYHHse7SsRKVb76p,Production,0.006755520000
2025-08-09T00:00:00Z,null,null,0Nlc01DYHHse7SsRKVb76p,Production,1.399105950000
2025-08-09T00:00:00Z,CLIENTE_AUDITORIA-PREPARADA,PNE - Cliente,0Nlc01DYHHse7SsRKVb76p,Production,0.003378080000
2025-08-09T00:00:00Z,CLIENTE_AUDITORIA-PREPARADA,SALESFORCE - Cliente,0Nlc01DYHHse7SsRKVb76p,Production,0.056888000000
2025-08-09T00:00:00Z,CLIENTE_AUDITORIA-PREPARADA,SIOP ADM - Cliente,0Nlc01DYHHse7SsRKVb76p,Production,0.003467040000
2025-08-09T00:00:00Z,CLIENTE_AUDITORIA-PREPARADA,SIOP PORTOS - Cliente,0Nlc01DYHHse7SsRKVb76p,Production,0.002577600000
2025-08-09T00:00:00Z,CLIENTE_GOLDEN_RECORD,BUSINESS ENTITY CLIENTE,0Nlc01DYHHse7SsRKVb76p,Production,0.000000000000
2025-08-09T00:00:00Z,CLIENTE_GOLDEN_RECORD,PNE CLIENTE EXTERNO,0Nlc01DYHHse7SsRKVb76p,Production,0.000000000000
2025-08-09T00:00:00Z,CLIENTE_GOLDEN_RECORD,SALESFORCE ACCOUNT,0Nlc01DYHHse7SsRKVb76p,Production,0.000000000000
2025-08-09T00:00:00Z,CLIENTE_GOLDEN_RECORD,SIOP PORTO GERAL,0Nlc01DYHHse7SsRKVb76p,Production,0.000000000000
2025-08-09T00:00:00Z,CLIENTE_GOLDEN_RECORD,SIOP PORTO TIPLAM,0Nlc01DYHHse7SsRKVb76p,Production,0.000000000000
2025-08-09T00:00:00Z,CLIENTE_GOLDEN_RECORD,SIOP TERMINAIS,0Nlc01DYHHse7SsRKVb76p,Production,0.000000000000
2025-08-09T00:00:00Z,CLIENTE_QUALIDADE-STAGING,PNE - Cliente,0Nlc01DYHHse7SsRKVb76p,Production,0.013933080000
2025-08-09T00:00:00Z,CLIENTE_QUALIDADE-STAGING,Salesforce - Cliente,0Nlc01DYHHse7SsRKVb76p,Production,0.405189580000
2025-08-09T00:00:00Z,CLIENTE_QUALIDADE-STAGING,SIOP ADM - Cliente,0Nlc01DYHHse7SsRKVb76p,Production,0.007916920000
2025-08-09T00:00:00Z,CLIENTE_QUALIDADE-STAGING,SIOP PORTOS - Cliente,0Nlc01DYHHse7SsRKVb76p,Production,0.012245120000
2025-08-09T00:00:00Z,CLIENTE_REPLICA,PNE,0Nlc01DYHHse7SsRKVb76p,Production,0.051244480000
2025-08-09T00:00:00Z,CLIENTE_REPLICA,SIOP Portos Geral,0Nlc01DYHHse7SsRKVb76p,Production,0.073155520000
2025-08-09T00:00:00Z,CLIENTE_REPLICA,SIOP Portos Tiplam,0Nlc01DYHHse7SsRKVb76p,Production,0.069866880000
2025-08-09T00:00:00Z,CLIENTE_REPLICA,SIOP Terminais,0Nlc01DYHHse7SsRKVb76p,Production,0.022133440000
2025-08-08T00:00:00Z,null,null,0Nlc01DYHHse7SsRKVb76p,Production,1.414174400046
2025-08-08T00:00:00Z,CLIENTE_AUDITORIA-PREPARADA,PNE - Cliente,0Nlc01DYHHse7SsRKVb76p,Production,0.003466720000
2025-08-08T00:00:00Z,CLIENTE_AUDITORIA-PREPARADA,SALESFORCE - Cliente,0Nlc01DYHHse7SsRKVb76p,Production,0.058532800000
2025-08-08T00:00:00Z,CLIENTE_AUDITORIA-PREPARADA,SIOP ADM - Cliente,0Nlc01DYHHse7SsRKVb76p,Production,0.003955680000
2025-08-08T00:00:00Z,CLIENTE_AUDITORIA-PREPARADA,SIOP PORTOS - Cliente,0Nlc01DYHHse7SsRKVb76p,Production,0.002800000000
2025-08-08T00:00:00Z,CLIENTE_GOLDEN_RECORD,BUSINESS ENTITY CLIENTE,0Nlc01DYHHse7SsRKVb76p,Production,0.000000000000
2025-08-08T00:00:00Z,CLIENTE_GOLDEN_RECORD,PNE CLIENTE EXTERNO,0Nlc01DYHHse7SsRKVb76p,Production,0.000000000000
2025-08-08T00:00:00Z,CLIENTE_GOLDEN_RECORD,SALESFORCE ACCOUNT,0Nlc01DYHHse7SsRKVb76p,Production,0.000000000000
2025-08-08T00:00:00Z,CLIENTE_GOLDEN_RECORD,SIOP PORTO GERAL,0Nlc01DYHHse7SsRKVb76p,Production,0.000000000000
2025-08-08T00:00:00Z,CLIENTE_GOLDEN_RECORD,SIOP PORTO TIPLAM,0Nlc01DYHHse7SsRKVb76p,Production,0.000000000000
2025-08-08T00:00:00Z,CLIENTE_GOLDEN_RECORD,SIOP TERMINAIS,0Nlc01DYHHse7SsRKVb76p,Production,0.000000000000
2025-08-08T00:00:00Z,CLIENTE_QUALIDADE-STAGING,PNE - Cliente,0Nlc01DYHHse7SsRKVb76p,Production,0.012350000000
2025-08-08T00:00:00Z,CLIENTE_QUALIDADE-STAGING,Salesforce - Cliente,0Nlc01DYHHse7SsRKVb76p,Production,0.317728900000
2025-08-08T00:00:00Z,CLIENTE_QUALIDADE-STAGING,SIOP ADM - Cliente,0Nlc01DYHHse7SsRKVb76p,Production,0.012561660000
2025-08-08T00:00:00Z,CLIENTE_QUALIDADE-STAGING,SIOP PORTOS - Cliente,0Nlc01DYHHse7SsRKVb76p,Production,0.009606020000
2025-08-08T00:00:00Z,CLIENTE_REPLICA,PNE,0Nlc01DYHHse7SsRKVb76p,Production,0.066844480000
2025-08-08T00:00:00Z,CLIENTE_REPLICA,SIOP Portos Geral,0Nlc01DYHHse7SsRKVb76p,Production,0.097244320000
2025-08-08T00:00:00Z,CLIENTE_REPLICA,SIOP Portos Tiplam,0Nlc01DYHHse7SsRKVb76p,Production,0.091111360000
2025-08-08T00:00:00Z,CLIENTE_REPLICA,SIOP Terminais,0Nlc01DYHHse7SsRKVb76p,Production,0.030400160000
2025-08-07T00:00:00Z,null,null,0Nlc01DYHHse7SsRKVb76p,Production,1.395443966682
2025-08-07T00:00:00Z,CLIENTE_AUDITORIA-PREPARADA,PNE - Cliente,0Nlc01DYHHse7SsRKVb76p,Production,0.011466720000
2025-08-07T00:00:00Z,CLIENTE_AUDITORIA-PREPARADA,SALESFORCE - Cliente,0Nlc01DYHHse7SsRKVb76p,Production,0.057022240000
2025-08-07T00:00:00Z,CLIENTE_AUDITORIA-PREPARADA,SIOP ADM - Cliente,0Nlc01DYHHse7SsRKVb76p,Production,0.003511200000
2025-08-07T00:00:00Z,CLIENTE_AUDITORIA-PREPARADA,SIOP PORTOS - Cliente,0Nlc01DYHHse7SsRKVb76p,Production,0.003022080000
2025-08-07T00:00:00Z,CLIENTE_GOLDEN_RECORD,BUSINESS ENTITY CLIENTE,0Nlc01DYHHse7SsRKVb76p,Production,0.000000000000
2025-08-07T00:00:00Z,CLIENTE_GOLDEN_RECORD,PNE CLIENTE EXTERNO,0Nlc01DYHHse7SsRKVb76p,Production,0.000000000000
2025-08-07T00:00:00Z,CLIENTE_GOLDEN_RECORD,SALESFORCE ACCOUNT,0Nlc01DYHHse7SsRKVb76p,Production,0.000000000000
2025-08-07T00:00:00Z,CLIENTE_GOLDEN_RECORD,SIOP PORTO GERAL,0Nlc01DYHHse7SsRKVb76p,Production,0.000000000000
2025-08-07T00:00:00Z,CLIENTE_GOLDEN_RECORD,SIOP PORTO TIPLAM,0Nlc01DYHHse7SsRKVb76p,Production,0.000000000000
2025-08-07T00:00:00Z,CLIENTE_GOLDEN_RECORD,SIOP TERMINAIS,0Nlc01DYHHse7SsRKVb76p,Production,0.000000000000
2025-08-07T00:00:00Z,CLIENTE_QUALIDADE-STAGING,PNE - Cliente,0Nlc01DYHHse7SsRKVb76p,Production,0.024489100000
2025-08-07T00:00:00Z,CLIENTE_QUALIDADE-STAGING,Salesforce - Cliente,0Nlc01DYHHse7SsRKVb76p,Production,0.385179940000
2025-08-07T00:00:00Z,CLIENTE_QUALIDADE-STAGING,SIOP ADM - Cliente,0Nlc01DYHHse7SsRKVb76p,Production,0.015094740000
2025-08-07T00:00:00Z,CLIENTE_QUALIDADE-STAGING,SIOP PORTOS - Cliente,0Nlc01DYHHse7SsRKVb76p,Production,0.037471800000
2025-08-07T00:00:00Z,CLIENTE_REPLICA,PNE,0Nlc01DYHHse7SsRKVb76p,Production,0.039422400000
2025-08-07T00:00:00Z,CLIENTE_REPLICA,SIOP Portos Geral,0Nlc01DYHHse7SsRKVb76p,Production,0.065600320000
2025-08-07T00:00:00Z,CLIENTE_REPLICA,SIOP Portos Tiplam,0Nlc01DYHHse7SsRKVb76p,Production,0.078533440000
2025-08-07T00:00:00Z,CLIENTE_REPLICA,SIOP Terminais,0Nlc01DYHHse7SsRKVb76p,Production,0.019155840000
2025-08-06T00:00:00Z,null,null,0Nlc01DYHHse7SsRKVb76p,Production,1.409089102908
2025-08-06T00:00:00Z,CLIENTE_AUDITORIA-PREPARADA,PNE - Cliente,0Nlc01DYHHse7SsRKVb76p,Production,0.008133440000
2025-08-06T00:00:00Z,CLIENTE_AUDITORIA-PREPARADA,SALESFORCE - Cliente,0Nlc01DYHHse7SsRKVb76p,Production,0.059777600000
2025-08-06T00:00:00Z,CLIENTE_AUDITORIA-PREPARADA,SIOP ADM - Cliente,0Nlc01DYHHse7SsRKVb76p,Production,0.003377920000
2025-08-06T00:00:00Z,CLIENTE_AUDITORIA-PREPARADA,SIOP PORTOS - Cliente,0Nlc01DYHHse7SsRKVb76p,Production,0.002888960000
2025-08-06T00:00:00Z,CLIENTE_GOLDEN_RECORD,BUSINESS ENTITY CLIENTE,0Nlc01DYHHse7SsRKVb76p,Production,0.000000000000
2025-08-06T00:00:00Z,CLIENTE_GOLDEN_RECORD,PNE CLIENTE EXTERNO,0Nlc01DYHHse7SsRKVb76p,Production,0.000000000000
2025-08-06T00:00:00Z,CLIENTE_GOLDEN_RECORD,SALESFORCE ACCOUNT,0Nlc01DYHHse7SsRKVb76p,Production,0.000000000000
2025-08-06T00:00:00Z,CLIENTE_GOLDEN_RECORD,SIOP PORTO GERAL,0Nlc01DYHHse7SsRKVb76p,Production,0.000000000000
2025-08-06T00:00:00Z,CLIENTE_GOLDEN_RECORD,SIOP PORTO TIPLAM,0Nlc01DYHHse7SsRKVb76p,Production,0.000000000000
2025-08-06T00:00:00Z,CLIENTE_GOLDEN_RECORD,SIOP TERMINAIS,0Nlc01DYHHse7SsRKVb76p,Production,0.000000000000
2025-08-06T00:00:00Z,CLIENTE_QUALIDADE-STAGING,PNE - Cliente,0Nlc01DYHHse7SsRKVb76p,Production,0.041693980000
2025-08-06T00:00:00Z,CLIENTE_QUALIDADE-STAGING,Salesforce - Cliente,0Nlc01DYHHse7SsRKVb76p,Production,0.424661560000
2025-08-06T00:00:00Z,CLIENTE_QUALIDADE-STAGING,SIOP ADM - Cliente,0Nlc01DYHHse7SsRKVb76p,Production,0.013405640000
2025-08-06T00:00:00Z,CLIENTE_QUALIDADE-STAGING,SIOP PORTOS - Cliente,0Nlc01DYHHse7SsRKVb76p,Production,0.018577820000
2025-08-06T00:00:00Z,CLIENTE_REPLICA,PNE,0Nlc01DYHHse7SsRKVb76p,Production,0.045066880000
2025-08-06T00:00:00Z,CLIENTE_REPLICA,SIOP Portos Geral,0Nlc01DYHHse7SsRKVb76p,Production,0.071289120000
2025-08-06T00:00:00Z,CLIENTE_REPLICA,SIOP Portos Tiplam,0Nlc01DYHHse7SsRKVb76p,Production,0.077733440000
2025-08-06T00:00:00Z,CLIENTE_REPLICA,SIOP Terminais,0Nlc01DYHHse7SsRKVb76p,Production,0.026755680000
2025-08-05T00:00:00Z,null,null,0Nlc01DYHHse7SsRKVb76p,Production,1.788886176046
2025-08-05T00:00:00Z,Catálogo de Dados,CMDB,0Nlc01DYHHse7SsRKVb76p,Production,0.007555520000
2025-08-05T00:00:00Z,CLIENTE_AUDITORIA-PREPARADA,PNE - Cliente,0Nlc01DYHHse7SsRKVb76p,Production,0.004533280000
2025-08-05T00:00:00Z,CLIENTE_AUDITORIA-PREPARADA,SALESFORCE - Cliente,0Nlc01DYHHse7SsRKVb76p,Production,0.058221600000
2025-08-05T00:00:00Z,CLIENTE_AUDITORIA-PREPARADA,SIOP ADM - Cliente,0Nlc01DYHHse7SsRKVb76p,Production,0.003911200000
2025-08-05T00:00:00Z,CLIENTE_AUDITORIA-PREPARADA,SIOP PORTOS - Cliente,0Nlc01DYHHse7SsRKVb76p,Production,0.002844320000
2025-08-05T00:00:00Z,CLIENTE_GOLDEN_RECORD,BUSINESS ENTITY CLIENTE,0Nlc01DYHHse7SsRKVb76p,Production,0.000000000000
2025-08-05T00:00:00Z,CLIENTE_GOLDEN_RECORD,PNE CLIENTE EXTERNO,0Nlc01DYHHse7SsRKVb76p,Production,0.000000000000
2025-08-05T00:00:00Z,CLIENTE_GOLDEN_RECORD,SALESFORCE ACCOUNT,0Nlc01DYHHse7SsRKVb76p,Production,0.000000000000
2025-08-05T00:00:00Z,CLIENTE_GOLDEN_RECORD,SIOP PORTO GERAL,0Nlc01DYHHse7SsRKVb76p,Production,0.000000000000
2025-08-05T00:00:00Z,CLIENTE_GOLDEN_RECORD,SIOP PORTO TIPLAM,0Nlc01DYHHse7SsRKVb76p,Production,0.000000000000
2025-08-05T00:00:00Z,CLIENTE_GOLDEN_RECORD,SIOP TERMINAIS,0Nlc01DYHHse7SsRKVb76p,Production,0.000000000000
2025-08-05T00:00:00Z,CLIENTE_QUALIDADE-STAGING,PNE - Cliente,0Nlc01DYHHse7SsRKVb76p,Production,0.022589100000
2025-08-05T00:00:00Z,CLIENTE_QUALIDADE-STAGING,Salesforce - Cliente,0Nlc01DYHHse7SsRKVb76p,Production,0.368429280000
2025-08-05T00:00:00Z,CLIENTE_QUALIDADE-STAGING,SIOP ADM - Cliente,0Nlc01DYHHse7SsRKVb76p,Production,0.010449620000
2025-08-05T00:00:00Z,CLIENTE_QUALIDADE-STAGING,SIOP PORTOS - Cliente,0Nlc01DYHHse7SsRKVb76p,Production,0.019633080000
2025-08-05T00:00:00Z,CLIENTE_REPLICA,PNE,0Nlc01DYHHse7SsRKVb76p,Production,0.028355360000
2025-08-05T00:00:00Z,CLIENTE_REPLICA,SIOP Portos Geral,0Nlc01DYHHse7SsRKVb76p,Production,0.044800160000
2025-08-05T00:00:00Z,CLIENTE_REPLICA,SIOP Portos Tiplam,0Nlc01DYHHse7SsRKVb76p,Production,0.050000160000
2025-08-05T00:00:00Z,CLIENTE_REPLICA,SIOP Terminais,0Nlc01DYHHse7SsRKVb76p,Production,0.012177760000
2025-08-04T00:00:00Z,null,null,0Nlc01DYHHse7SsRKVb76p,Production,2.024574275500
2025-08-04T00:00:00Z,CLIENTE_AUDITORIA-PREPARADA,PNE - Cliente,0Nlc01DYHHse7SsRKVb76p,Production,0.009955520000
2025-08-04T00:00:00Z,CLIENTE_AUDITORIA-PREPARADA,SALESFORCE - Cliente,0Nlc01DYHHse7SsRKVb76p,Production,0.066443840000
2025-08-04T00:00:00Z,CLIENTE_AUDITORIA-PREPARADA,SIOP ADM - Cliente,0Nlc01DYHHse7SsRKVb76p,Production,0.003866880000
2025-08-04T00:00:00Z,CLIENTE_AUDITORIA-PREPARADA,SIOP PORTOS - Cliente,0Nlc01DYHHse7SsRKVb76p,Production,0.003244320000
2025-08-04T00:00:00Z,CLIENTE_GOLDEN_RECORD,BUSINESS ENTITY CLIENTE,0Nlc01DYHHse7SsRKVb76p,Production,0.000000000000
2025-08-04T00:00:00Z,CLIENTE_GOLDEN_RECORD,PNE CLIENTE EXTERNO,0Nlc01DYHHse7SsRKVb76p,Production,0.000000000000
2025-08-04T00:00:00Z,CLIENTE_GOLDEN_RECORD,SALESFORCE ACCOUNT,0Nlc01DYHHse7SsRKVb76p,Production,0.000000000000
2025-08-04T00:00:00Z,CLIENTE_GOLDEN_RECORD,SIOP PORTO GERAL,0Nlc01DYHHse7SsRKVb76p,Production,0.000000000000
2025-08-04T00:00:00Z,CLIENTE_GOLDEN_RECORD,SIOP PORTO TIPLAM,0Nlc01DYHHse7SsRKVb76p,Production,0.000000000000
2025-08-04T00:00:00Z,CLIENTE_GOLDEN_RECORD,SIOP TERMINAIS,0Nlc01DYHHse7SsRKVb76p,Production,0.000000000000
2025-08-04T00:00:00Z,CLIENTE_QUALIDADE-STAGING,PNE - Cliente,0Nlc01DYHHse7SsRKVb76p,Production,0.021533460000
2025-08-04T00:00:00Z,CLIENTE_QUALIDADE-STAGING,Salesforce - Cliente,0Nlc01DYHHse7SsRKVb76p,Production,0.461588420000
2025-08-04T00:00:00Z,CLIENTE_QUALIDADE-STAGING,SIOP ADM - Cliente,0Nlc01DYHHse7SsRKVb76p,Production,0.010133460000
2025-08-04T00:00:00Z,CLIENTE_QUALIDADE-STAGING,SIOP PORTOS - Cliente,0Nlc01DYHHse7SsRKVb76p,Production,0.017311280000
2025-08-04T00:00:00Z,CLIENTE_REPLICA,PNE,0Nlc01DYHHse7SsRKVb76p,Production,0.030666880000
2025-08-04T00:00:00Z,CLIENTE_REPLICA,SIOP Portos Geral,0Nlc01DYHHse7SsRKVb76p,Production,0.046533280000
2025-08-04T00:00:00Z,CLIENTE_REPLICA,SIOP Portos Tiplam,0Nlc01DYHHse7SsRKVb76p,Production,0.051777760000
2025-08-04T00:00:00Z,CLIENTE_REPLICA,SIOP Terminais,0Nlc01DYHHse7SsRKVb76p,Production,0.013911200000
2025-08-03T00:00:00Z,null,null,0Nlc01DYHHse7SsRKVb76p,Production,1.767763327410
2025-08-03T00:00:00Z,Catálogo de Dados,CMDB,0Nlc01DYHHse7SsRKVb76p,Production,0.010977760000
2025-08-03T00:00:00Z,CLIENTE_AUDITORIA-PREPARADA,PNE - Cliente,0Nlc01DYHHse7SsRKVb76p,Production,0.006133600000
2025-08-03T00:00:00Z,CLIENTE_AUDITORIA-PREPARADA,SALESFORCE - Cliente,0Nlc01DYHHse7SsRKVb76p,Production,0.060444320000
2025-08-03T00:00:00Z,CLIENTE_AUDITORIA-PREPARADA,SIOP ADM - Cliente,0Nlc01DYHHse7SsRKVb76p,Production,0.004622240000
2025-08-03T00:00:00Z,CLIENTE_AUDITORIA-PREPARADA,SIOP PORTOS - Cliente,0Nlc01DYHHse7SsRKVb76p,Production,0.003555520000
2025-08-03T00:00:00Z,CLIENTE_GOLDEN_RECORD,BUSINESS ENTITY CLIENTE,0Nlc01DYHHse7SsRKVb76p,Production,0.000000000000
2025-08-03T00:00:00Z,CLIENTE_GOLDEN_RECORD,PNE CLIENTE EXTERNO,0Nlc01DYHHse7SsRKVb76p,Production,0.000000000000
2025-08-03T00:00:00Z,CLIENTE_GOLDEN_RECORD,SALESFORCE ACCOUNT,0Nlc01DYHHse7SsRKVb76p,Production,0.000000000000
2025-08-03T00:00:00Z,CLIENTE_GOLDEN_RECORD,SIOP PORTO GERAL,0Nlc01DYHHse7SsRKVb76p,Production,0.000000000000
2025-08-03T00:00:00Z,CLIENTE_GOLDEN_RECORD,SIOP PORTO TIPLAM,0Nlc01DYHHse7SsRKVb76p,Production,0.000000000000
2025-08-03T00:00:00Z,CLIENTE_GOLDEN_RECORD,SIOP TERMINAIS,0Nlc01DYHHse7SsRKVb76p,Production,0.000000000000
2025-08-03T00:00:00Z,CLIENTE_QUALIDADE-STAGING,PNE - Cliente,0Nlc01DYHHse7SsRKVb76p,Production,0.024805640000
2025-08-03T00:00:00Z,CLIENTE_QUALIDADE-STAGING,Salesforce - Cliente,0Nlc01DYHHse7SsRKVb76p,Production,0.341883220000
2025-08-03T00:00:00Z,CLIENTE_QUALIDADE-STAGING,SIOP ADM - Cliente,0Nlc01DYHHse7SsRKVb76p,Production,0.012877440000
2025-08-03T00:00:00Z,CLIENTE_QUALIDADE-STAGING,SIOP PORTOS - Cliente,0Nlc01DYHHse7SsRKVb76p,Production,0.033566540000
2025-08-03T00:00:00Z,CLIENTE_REPLICA,PNE,0Nlc01DYHHse7SsRKVb76p,Production,0.022844480000
2025-08-03T00:00:00Z,CLIENTE_REPLICA,SIOP Portos Geral,0Nlc01DYHHse7SsRKVb76p,Production,0.033911040000
2025-08-03T00:00:00Z,CLIENTE_REPLICA,SIOP Portos Tiplam,0Nlc01DYHHse7SsRKVb76p,Production,0.038000160000
2025-08-03T00:00:00Z,CLIENTE_REPLICA,SIOP Terminais,0Nlc01DYHHse7SsRKVb76p,Production,0.010977600000
2025-08-02T00:00:00Z,null,null,0Nlc01DYHHse7SsRKVb76p,Production,1.413280766590
2025-08-02T00:00:00Z,CLIENTE_AUDITORIA-PREPARADA,PNE - Cliente,0Nlc01DYHHse7SsRKVb76p,Production,0.003466880000
2025-08-02T00:00:00Z,CLIENTE_AUDITORIA-PREPARADA,SALESFORCE - Cliente,0Nlc01DYHHse7SsRKVb76p,Production,0.063599200000
2025-08-02T00:00:00Z,CLIENTE_AUDITORIA-PREPARADA,SIOP ADM - Cliente,0Nlc01DYHHse7SsRKVb76p,Production,0.003066880000
2025-08-02T00:00:00Z,CLIENTE_AUDITORIA-PREPARADA,SIOP PORTOS - Cliente,0Nlc01DYHHse7SsRKVb76p,Production,0.002533120000
2025-08-02T00:00:00Z,CLIENTE_GOLDEN_RECORD,BUSINESS ENTITY CLIENTE,0Nlc01DYHHse7SsRKVb76p,Production,0.000000000000
2025-08-02T00:00:00Z,CLIENTE_GOLDEN_RECORD,PNE CLIENTE EXTERNO,0Nlc01DYHHse7SsRKVb76p,Production,0.000000000000
2025-08-02T00:00:00Z,CLIENTE_GOLDEN_RECORD,SALESFORCE ACCOUNT,0Nlc01DYHHse7SsRKVb76p,Production,0.000000000000
2025-08-02T00:00:00Z,CLIENTE_GOLDEN_RECORD,SIOP PORTO GERAL,0Nlc01DYHHse7SsRKVb76p,Production,0.000000000000
2025-08-02T00:00:00Z,CLIENTE_GOLDEN_RECORD,SIOP PORTO TIPLAM,0Nlc01DYHHse7SsRKVb76p,Production,0.000000000000
2025-08-02T00:00:00Z,CLIENTE_GOLDEN_RECORD,SIOP TERMINAIS,0Nlc01DYHHse7SsRKVb76p,Production,0.000000000000
2025-08-02T00:00:00Z,CLIENTE_QUALIDADE-STAGING,PNE - Cliente,0Nlc01DYHHse7SsRKVb76p,Production,0.024171800000
2025-08-02T00:00:00Z,CLIENTE_QUALIDADE-STAGING,Salesforce - Cliente,0Nlc01DYHHse7SsRKVb76p,Production,0.452938900000
2025-08-02T00:00:00Z,CLIENTE_QUALIDADE-STAGING,SIOP ADM - Cliente,0Nlc01DYHHse7SsRKVb76p,Production,0.008760900000
2025-08-02T00:00:00Z,CLIENTE_QUALIDADE-STAGING,SIOP PORTOS - Cliente,0Nlc01DYHHse7SsRKVb76p,Production,0.021216540000
2025-08-02T00:00:00Z,CLIENTE_REPLICA,PNE,0Nlc01DYHHse7SsRKVb76p,Production,0.053111200000
2025-08-02T00:00:00Z,CLIENTE_REPLICA,SIOP Portos Geral,0Nlc01DYHHse7SsRKVb76p,Production,0.078577760000
2025-08-02T00:00:00Z,CLIENTE_REPLICA,SIOP Portos Tiplam,0Nlc01DYHHse7SsRKVb76p,Production,0.079999680000
2025-08-02T00:00:00Z,CLIENTE_REPLICA,SIOP Terminais,0Nlc01DYHHse7SsRKVb76p,Production,0.021822240000
2025-08-01T00:00:00Z,null,null,0Nlc01DYHHse7SsRKVb76p,Production,1.462176857000
2025-08-01T00:00:00Z,CLIENTE_AUDITORIA-PREPARADA,PNE - Cliente,0Nlc01DYHHse7SsRKVb76p,Production,0.007733600000
2025-08-01T00:00:00Z,CLIENTE_AUDITORIA-PREPARADA,SALESFORCE - Cliente,0Nlc01DYHHse7SsRKVb76p,Production,0.061644160000
2025-08-01T00:00:00Z,CLIENTE_AUDITORIA-PREPARADA,SIOP ADM - Cliente,0Nlc01DYHHse7SsRKVb76p,Production,0.003422240000
2025-08-01T00:00:00Z,CLIENTE_AUDITORIA-PREPARADA,SIOP PORTOS - Cliente,0Nlc01DYHHse7SsRKVb76p,Production,0.002711040000
2025-08-01T00:00:00Z,CLIENTE_GOLDEN_RECORD,BUSINESS ENTITY CLIENTE,0Nlc01DYHHse7SsRKVb76p,Production,0.000000000000
2025-08-01T00:00:00Z,CLIENTE_GOLDEN_RECORD,PNE CLIENTE EXTERNO,0Nlc01DYHHse7SsRKVb76p,Production,0.000000000000
2025-08-01T00:00:00Z,CLIENTE_GOLDEN_RECORD,SALESFORCE ACCOUNT,0Nlc01DYHHse7SsRKVb76p,Production,0.000000000000
2025-08-01T00:00:00Z,CLIENTE_GOLDEN_RECORD,SIOP PORTO GERAL,0Nlc01DYHHse7SsRKVb76p,Production,0.000000000000
2025-08-01T00:00:00Z,CLIENTE_GOLDEN_RECORD,SIOP PORTO TIPLAM,0Nlc01DYHHse7SsRKVb76p,Production,0.000000000000
2025-08-01T00:00:00Z,CLIENTE_GOLDEN_RECORD,SIOP TERMINAIS,0Nlc01DYHHse7SsRKVb76p,Production,0.000000000000
2025-08-01T00:00:00Z,CLIENTE_QUALIDADE-STAGING,PNE - Cliente,0Nlc01DYHHse7SsRKVb76p,Production,0.023010900000
2025-08-01T00:00:00Z,CLIENTE_QUALIDADE-STAGING,Salesforce - Cliente,0Nlc01DYHHse7SsRKVb76p,Production,0.442001740000
2025-08-01T00:00:00Z,CLIENTE_QUALIDADE-STAGING,SIOP ADM - Cliente,0Nlc01DYHHse7SsRKVb76p,Production,0.010239480000
2025-08-01T00:00:00Z,CLIENTE_QUALIDADE-STAGING,SIOP PORTOS - Cliente,0Nlc01DYHHse7SsRKVb76p,Production,0.016466920000
2025-08-01T00:00:00Z,CLIENTE_REPLICA,PNE,0Nlc01DYHHse7SsRKVb76p,Production,0.035689120000
2025-08-01T00:00:00Z,CLIENTE_REPLICA,SIOP Portos Geral,0Nlc01DYHHse7SsRKVb76p,Production,0.053288800000
2025-08-01T00:00:00Z,CLIENTE_REPLICA,SIOP Portos Tiplam,0Nlc01DYHHse7SsRKVb76p,Production,0.051199520000
2025-08-01T00:00:00Z,CLIENTE_REPLICA,SIOP Terminais,0Nlc01DYHHse7SsRKVb76p,Production,0.010222400000
2025-08-01T00:00:00Z,LOCALIDADE_GOLDEN_RECORD,LOCALIDADE,0Nlc01DYHHse7SsRKVb76p,Production,0.003422240000
2025-08-01T00:00:00Z,LOCALIDADE_REPLICA,DNE,0Nlc01DYHHse7SsRKVb76p,Production,0.085199840000
2025-08-01T00:00:00Z,LOCALIDADE_REPLICA,IBGE,0Nlc01DYHHse7SsRKVb76p,Production,0.003244480000
2025-07-31T00:00:00Z,null,null,0Nlc01DYHHse7SsRKVb76p,Production,1.895002100138
2025-07-31T00:00:00Z,CLIENTE_AUDITORIA-PREPARADA,PNE - Cliente,0Nlc01DYHHse7SsRKVb76p,Production,0.004133440000
2025-07-31T00:00:00Z,CLIENTE_AUDITORIA-PREPARADA,SALESFORCE - Cliente,0Nlc01DYHHse7SsRKVb76p,Production,0.062044480000
2025-07-31T00:00:00Z,CLIENTE_AUDITORIA-PREPARADA,SIOP ADM - Cliente,0Nlc01DYHHse7SsRKVb76p,Production,0.003777920000
2025-07-31T00:00:00Z,CLIENTE_AUDITORIA-PREPARADA,SIOP PORTOS - Cliente,0Nlc01DYHHse7SsRKVb76p,Production,0.003688800000
2025-07-31T00:00:00Z,CLIENTE_GOLDEN_RECORD,BUSINESS ENTITY CLIENTE,0Nlc01DYHHse7SsRKVb76p,Production,0.000000000000
2025-07-31T00:00:00Z,CLIENTE_GOLDEN_RECORD,PNE CLIENTE EXTERNO,0Nlc01DYHHse7SsRKVb76p,Production,0.000000000000
2025-07-31T00:00:00Z,CLIENTE_GOLDEN_RECORD,SALESFORCE ACCOUNT,0Nlc01DYHHse7SsRKVb76p,Production,0.000000000000
2025-07-31T00:00:00Z,CLIENTE_GOLDEN_RECORD,SIOP PORTO GERAL,0Nlc01DYHHse7SsRKVb76p,Production,0.000000000000
2025-07-31T00:00:00Z,CLIENTE_GOLDEN_RECORD,SIOP PORTO TIPLAM,0Nlc01DYHHse7SsRKVb76p,Production,0.000000000000
2025-07-31T00:00:00Z,CLIENTE_GOLDEN_RECORD,SIOP TERMINAIS,0Nlc01DYHHse7SsRKVb76p,Production,0.000000000000
2025-07-31T00:00:00Z,CLIENTE_QUALIDADE-STAGING,PNE - Cliente,0Nlc01DYHHse7SsRKVb76p,Production,0.019844740000
2025-07-31T00:00:00Z,CLIENTE_QUALIDADE-STAGING,Salesforce - Cliente,0Nlc01DYHHse7SsRKVb76p,Production,0.507668060000
2025-07-31T00:00:00Z,CLIENTE_QUALIDADE-STAGING,SIOP ADM - Cliente,0Nlc01DYHHse7SsRKVb76p,Production,0.014883460000
2025-07-31T00:00:00Z,CLIENTE_QUALIDADE-STAGING,SIOP PORTOS - Cliente,0Nlc01DYHHse7SsRKVb76p,Production,0.029027820000
2025-07-31T00:00:00Z,CLIENTE_REPLICA,PNE,0Nlc01DYHHse7SsRKVb76p,Production,0.050977760000
2025-07-31T00:00:00Z,CLIENTE_REPLICA,SIOP Portos Geral,0Nlc01DYHHse7SsRKVb76p,Production,0.076088960000
2025-07-31T00:00:00Z,CLIENTE_REPLICA,SIOP Portos Tiplam,0Nlc01DYHHse7SsRKVb76p,Production,0.079066400000
2025-07-31T00:00:00Z,CLIENTE_REPLICA,SIOP Terminais,0Nlc01DYHHse7SsRKVb76p,Production,0.028889120000
