OrgId,MeterId,MeterName,Date,BillingPeriodStartDate,BillingPeriodEndDate,MeterUsage,IPU,Scalar,MetricCategory,OrgName,OrgType,IPURate
3iIXLENg80KlHtUCJmWA8R,3sY0I8UHjyTiXcLzZI1fqj,Governance Records,2025-09-09 00:00:00.0,2025-08-15 00:00:00.0,2025-09-14 00:00:00.0,250.0000000000,0.237500000000,TENK_RECORDS,RECORDS_STORED,ClearSale SA - PRD,Production,9.500000
3iIXLENg80KlHtUCJmWA8R,5hflTd89LojbuPtkRvPd8o,Catalog Records,2025-09-09 00:00:00.0,2025-08-15 00:00:00.0,2025-09-14 00:00:00.0,143291.0000000000,1.189315300000,HUNDREDK_RECORDS,RECORDS_STORED,ClearSale SA - PRD,Production,0.830000
3iIXLENg80KlHtUCJmWA8R,6J969du5ipFiRR3hRANP81,Marketplace Records,2025-09-09 00:00:00.0,2025-08-15 00:00:00.0,2025-09-14 00:00:00.0,0.0000000000,0.000000000000,TENK_RECORDS,RECORDS_STORED,ClearSale SA - PRD,Production,41.600000
3iIXLENg80KlHtUCJmWA8R,e959858a4b2644c19a39fd,Data Access Management - Policy Pushdown,2025-09-09 00:00:00.0,2025-08-15 00:00:00.0,2025-09-14 00:00:00.0,0.0000000000,0.000000000000,HUNDRED_RECORDS,RECORDS_STORED,ClearSale SA - PRD,Production,0.600000
3iIXLENg80KlHtUCJmWA8R,3sY0I8UHjyTiXcLzZI1fqj,Governance Records,2025-09-10 00:00:00.0,2025-08-15 00:00:00.0,2025-09-14 00:00:00.0,250.0000000000,0.237500000000,TENK_RECORDS,RECORDS_STORED,ClearSale SA - PRD,Production,9.500000
3iIXLENg80KlHtUCJmWA8R,5hflTd89LojbuPtkRvPd8o,Catalog Records,2025-09-10 00:00:00.0,2025-08-15 00:00:00.0,2025-09-14 00:00:00.0,143291.0000000000,1.189315300000,HUNDREDK_RECORDS,RECORDS_STORED,ClearSale SA - PRD,Production,0.830000
3iIXLENg80KlHtUCJmWA8R,6J969du5ipFiRR3hRANP81,Marketplace Records,2025-09-10 00:00:00.0,2025-08-15 00:00:00.0,2025-09-14 00:00:00.0,0.0000000000,0.000000000000,TENK_RECORDS,RECORDS_STORED,ClearSale SA - PRD,Production,41.600000
3iIXLENg80KlHtUCJmWA8R,e959858a4b2644c19a39fd,Data Access Management - Policy Pushdown,2025-09-10 00:00:00.0,2025-08-15 00:00:00.0,2025-09-14 00:00:00.0,0.0000000000,0.000000000000,HUNDRED_RECORDS,RECORDS_STORED,ClearSale SA - PRD,Production,0.600000
3iIXLENg80KlHtUCJmWA8R,3sY0I8UHjyTiXcLzZI1fqj,Governance Records,2025-09-11 00:00:00.0,2025-08-15 00:00:00.0,2025-09-14 00:00:00.0,250.0000000000,0.237500000000,TENK_RECORDS,RECORDS_STORED,ClearSale SA - PRD,Production,9.500000
3iIXLENg80KlHtUCJmWA8R,5hflTd89LojbuPtkRvPd8o,Catalog Records,2025-09-11 00:00:00.0,2025-08-15 00:00:00.0,2025-09-14 00:00:00.0,143291.0000000000,1.189315300000,HUNDREDK_RECORDS,RECORDS_STORED,ClearSale SA - PRD,Production,0.830000
3iIXLENg80KlHtUCJmWA8R,6J969du5ipFiRR3hRANP81,Marketplace Records,2025-09-11 00:00:00.0,2025-08-15 00:00:00.0,2025-09-14 00:00:00.0,0.0000000000,0.000000000000,TENK_RECORDS,RECORDS_STORED,ClearSale SA - PRD,Production,41.600000
3iIXLENg80KlHtUCJmWA8R,e959858a4b2644c19a39fd,Data Access Management - Policy Pushdown,2025-09-11 00:00:00.0,2025-08-15 00:00:00.0,2025-09-14 00:00:00.0,0.0000000000,0.000000000000,HUNDRED_RECORDS,RECORDS_STORED,ClearSale SA - PRD,Production,0.600000
3iIXLENg80KlHtUCJmWA8R,1XzBBPzFTAlk77lGUvVPIS,Scanner Execution,2025-09-12 00:00:00.0,2025-08-15 00:00:00.0,2025-09-14 00:00:00.0,0.2237858533,0.071611473066,HOURS,COMPUTE_UNITS,ClearSale SA - PRD,Production,0.320000
3iIXLENg80KlHtUCJmWA8R,3sY0I8UHjyTiXcLzZI1fqj,Governance Records,2025-09-12 00:00:00.0,2025-08-15 00:00:00.0,2025-09-14 00:00:00.0,250.0000000000,0.237500000000,TENK_RECORDS,RECORDS_STORED,ClearSale SA - PRD,Production,9.500000
3iIXLENg80KlHtUCJmWA8R,5hflTd89LojbuPtkRvPd8o,Catalog Records,2025-09-12 00:00:00.0,2025-08-15 00:00:00.0,2025-09-14 00:00:00.0,143291.0000000000,1.189315300000,HUNDREDK_RECORDS,RECORDS_STORED,ClearSale SA - PRD,Production,0.830000
3iIXLENg80KlHtUCJmWA8R,6J969du5ipFiRR3hRANP81,Marketplace Records,2025-09-12 00:00:00.0,2025-08-15 00:00:00.0,2025-09-14 00:00:00.0,0.0000000000,0.000000000000,TENK_RECORDS,RECORDS_STORED,ClearSale SA - PRD,Production,41.600000
3iIXLENg80KlHtUCJmWA8R,e959858a4b2644c19a39fd,Data Access Management - Policy Pushdown,2025-09-12 00:00:00.0,2025-08-15 00:00:00.0,2025-09-14 00:00:00.0,0.0000000000,0.000000000000,HUNDRED_RECORDS,RECORDS_STORED,ClearSale SA - PRD,Production,0.600000
3iIXLENg80KlHtUCJmWA8R,3sY0I8UHjyTiXcLzZI1fqj,Governance Records,2025-09-13 00:00:00.0,2025-08-15 00:00:00.0,2025-09-14 00:00:00.0,250.0000000000,0.237500000000,TENK_RECORDS,RECORDS_STORED,ClearSale SA - PRD,Production,9.500000
3iIXLENg80KlHtUCJmWA8R,5hflTd89LojbuPtkRvPd8o,Catalog Records,2025-09-13 00:00:00.0,2025-08-15 00:00:00.0,2025-09-14 00:00:00.0,143291.0000000000,1.189315300000,HUNDREDK_RECORDS,RECORDS_STORED,ClearSale SA - PRD,Production,0.830000
3iIXLENg80KlHtUCJmWA8R,6J969du5ipFiRR3hRANP81,Marketplace Records,2025-09-13 00:00:00.0,2025-08-15 00:00:00.0,2025-09-14 00:00:00.0,0.0000000000,0.000000000000,TENK_RECORDS,RECORDS_STORED,ClearSale SA - PRD,Production,41.600000
3iIXLENg80KlHtUCJmWA8R,e959858a4b2644c19a39fd,Data Access Management - Policy Pushdown,2025-09-13 00:00:00.0,2025-08-15 00:00:00.0,2025-09-14 00:00:00.0,0.0000000000,0.000000000000,HUNDRED_RECORDS,RECORDS_STORED,ClearSale SA - PRD,Production,0.600000
3iIXLENg80KlHtUCJmWA8R,3sY0I8UHjyTiXcLzZI1fqj,Governance Records,2025-09-14 00:00:00.0,2025-08-15 00:00:00.0,2025-09-14 00:00:00.0,250.0000000000,0.237500000000,TENK_RECORDS,RECORDS_STORED,ClearSale SA - PRD,Production,9.500000
3iIXLENg80KlHtUCJmWA8R,5hflTd89LojbuPtkRvPd8o,Catalog Records,2025-09-14 00:00:00.0,2025-08-15 00:00:00.0,2025-09-14 00:00:00.0,143291.0000000000,1.189315300000,HUNDREDK_RECORDS,RECORDS_STORED,ClearSale SA - PRD,Production,0.830000
3iIXLENg80KlHtUCJmWA8R,6J969du5ipFiRR3hRANP81,Marketplace Records,2025-09-14 00:00:00.0,2025-08-15 00:00:00.0,2025-09-14 00:00:00.0,0.0000000000,0.000000000000,TENK_RECORDS,RECORDS_STORED,ClearSale SA - PRD,Production,41.600000
3iIXLENg80KlHtUCJmWA8R,e959858a4b2644c19a39fd,Data Access Management - Policy Pushdown,2025-09-14 00:00:00.0,2025-08-15 00:00:00.0,2025-09-14 00:00:00.0,0.0000000000,0.000000000000,HUNDRED_RECORDS,RECORDS_STORED,ClearSale SA - PRD,Production,0.600000
3iIXLENg80KlHtUCJmWA8R,3sY0I8UHjyTiXcLzZI1fqj,Governance Records,2025-09-15 00:00:00.0,2025-09-15 00:00:00.0,2025-10-14 00:00:00.0,250.0000000000,0.237500000000,TENK_RECORDS,RECORDS_STORED,ClearSale SA - PRD,Production,9.500000
3iIXLENg80KlHtUCJmWA8R,5hflTd89LojbuPtkRvPd8o,Catalog Records,2025-09-15 00:00:00.0,2025-09-15 00:00:00.0,2025-10-14 00:00:00.0,143291.0000000000,1.189315300000,HUNDREDK_RECORDS,RECORDS_STORED,ClearSale SA - PRD,Production,0.830000
3iIXLENg80KlHtUCJmWA8R,6J969du5ipFiRR3hRANP81,Marketplace Records,2025-09-15 00:00:00.0,2025-09-15 00:00:00.0,2025-10-14 00:00:00.0,0.0000000000,0.000000000000,TENK_RECORDS,RECORDS_STORED,ClearSale SA - PRD,Production,41.600000
3iIXLENg80KlHtUCJmWA8R,e959858a4b2644c19a39fd,Data Access Management - Policy Pushdown,2025-09-15 00:00:00.0,2025-09-15 00:00:00.0,2025-10-14 00:00:00.0,0.0000000000,0.000000000000,HUNDRED_RECORDS,RECORDS_STORED,ClearSale SA - PRD,Production,0.600000
3iIXLENg80KlHtUCJmWA8R,3sY0I8UHjyTiXcLzZI1fqj,Governance Records,2025-09-16 00:00:00.0,2025-09-15 00:00:00.0,2025-10-14 00:00:00.0,250.0000000000,0.237500000000,TENK_RECORDS,RECORDS_STORED,ClearSale SA - PRD,Production,9.500000
3iIXLENg80KlHtUCJmWA8R,5hflTd89LojbuPtkRvPd8o,Catalog Records,2025-09-16 00:00:00.0,2025-09-15 00:00:00.0,2025-10-14 00:00:00.0,143291.0000000000,1.189315300000,HUNDREDK_RECORDS,RECORDS_STORED,ClearSale SA - PRD,Production,0.830000
3iIXLENg80KlHtUCJmWA8R,6J969du5ipFiRR3hRANP81,Marketplace Records,2025-09-16 00:00:00.0,2025-09-15 00:00:00.0,2025-10-14 00:00:00.0,0.0000000000,0.000000000000,TENK_RECORDS,RECORDS_STORED,ClearSale SA - PRD,Production,41.600000
3iIXLENg80KlHtUCJmWA8R,e959858a4b2644c19a39fd,Data Access Management - Policy Pushdown,2025-09-16 00:00:00.0,2025-09-15 00:00:00.0,2025-10-14 00:00:00.0,0.0000000000,0.000000000000,HUNDRED_RECORDS,RECORDS_STORED,ClearSale SA - PRD,Production,0.600000
3iIXLENg80KlHtUCJmWA8R,3sY0I8UHjyTiXcLzZI1fqj,Governance Records,2025-09-17 00:00:00.0,2025-09-15 00:00:00.0,2025-10-14 00:00:00.0,250.0000000000,0.237500000000,TENK_RECORDS,RECORDS_STORED,ClearSale SA - PRD,Production,9.500000
3iIXLENg80KlHtUCJmWA8R,5hflTd89LojbuPtkRvPd8o,Catalog Records,2025-09-17 00:00:00.0,2025-09-15 00:00:00.0,2025-10-14 00:00:00.0,143291.0000000000,1.189315300000,HUNDREDK_RECORDS,RECORDS_STORED,ClearSale SA - PRD,Production,0.830000
3iIXLENg80KlHtUCJmWA8R,6J969du5ipFiRR3hRANP81,Marketplace Records,2025-09-17 00:00:00.0,2025-09-15 00:00:00.0,2025-10-14 00:00:00.0,0.0000000000,0.000000000000,TENK_RECORDS,RECORDS_STORED,ClearSale SA - PRD,Production,41.600000
3iIXLENg80KlHtUCJmWA8R,e959858a4b2644c19a39fd,Data Access Management - Policy Pushdown,2025-09-17 00:00:00.0,2025-09-15 00:00:00.0,2025-10-14 00:00:00.0,0.0000000000,0.000000000000,HUNDRED_RECORDS,RECORDS_STORED,ClearSale SA - PRD,Production,0.600000
3iIXLENg80KlHtUCJmWA8R,3sY0I8UHjyTiXcLzZI1fqj,Governance Records,2025-09-18 00:00:00.0,2025-09-15 00:00:00.0,2025-10-14 00:00:00.0,250.0000000000,0.237500000000,TENK_RECORDS,RECORDS_STORED,ClearSale SA - PRD,Production,9.500000
3iIXLENg80KlHtUCJmWA8R,5hflTd89LojbuPtkRvPd8o,Catalog Records,2025-09-18 00:00:00.0,2025-09-15 00:00:00.0,2025-10-14 00:00:00.0,143291.0000000000,1.189315300000,HUNDREDK_RECORDS,RECORDS_STORED,ClearSale SA - PRD,Production,0.830000
3iIXLENg80KlHtUCJmWA8R,6J969du5ipFiRR3hRANP81,Marketplace Records,2025-09-18 00:00:00.0,2025-09-15 00:00:00.0,2025-10-14 00:00:00.0,0.0000000000,0.000000000000,TENK_RECORDS,RECORDS_STORED,ClearSale SA - PRD,Production,41.600000
3iIXLENg80KlHtUCJmWA8R,e959858a4b2644c19a39fd,Data Access Management - Policy Pushdown,2025-09-18 00:00:00.0,2025-09-15 00:00:00.0,2025-10-14 00:00:00.0,0.0000000000,0.000000000000,HUNDRED_RECORDS,RECORDS_STORED,ClearSale SA - PRD,Production,0.600000
3iIXLENg80KlHtUCJmWA8R,1XzBBPzFTAlk77lGUvVPIS,Scanner Execution,2025-09-19 00:00:00.0,2025-09-15 00:00:00.0,2025-10-14 00:00:00.0,0.1529833505,0.048954672178,HOURS,COMPUTE_UNITS,ClearSale SA - PRD,Production,0.320000
3iIXLENg80KlHtUCJmWA8R,3sY0I8UHjyTiXcLzZI1fqj,Governance Records,2025-09-19 00:00:00.0,2025-09-15 00:00:00.0,2025-10-14 00:00:00.0,250.0000000000,0.237500000000,TENK_RECORDS,RECORDS_STORED,ClearSale SA - PRD,Production,9.500000
3iIXLENg80KlHtUCJmWA8R,5hflTd89LojbuPtkRvPd8o,Catalog Records,2025-09-19 00:00:00.0,2025-09-15 00:00:00.0,2025-10-14 00:00:00.0,143291.0000000000,1.189315300000,HUNDREDK_RECORDS,RECORDS_STORED,ClearSale SA - PRD,Production,0.830000
3iIXLENg80KlHtUCJmWA8R,6J969du5ipFiRR3hRANP81,Marketplace Records,2025-09-19 00:00:00.0,2025-09-15 00:00:00.0,2025-10-14 00:00:00.0,0.0000000000,0.000000000000,TENK_RECORDS,RECORDS_STORED,ClearSale SA - PRD,Production,41.600000
3iIXLENg80KlHtUCJmWA8R,e959858a4b2644c19a39fd,Data Access Management - Policy Pushdown,2025-09-19 00:00:00.0,2025-09-15 00:00:00.0,2025-10-14 00:00:00.0,0.0000000000,0.000000000000,HUNDRED_RECORDS,RECORDS_STORED,ClearSale SA - PRD,Production,0.600000
3iIXLENg80KlHtUCJmWA8R,3sY0I8UHjyTiXcLzZI1fqj,Governance Records,2025-09-20 00:00:00.0,2025-09-15 00:00:00.0,2025-10-14 00:00:00.0,250.0000000000,0.237500000000,TENK_RECORDS,RECORDS_STORED,ClearSale SA - PRD,Production,9.500000
3iIXLENg80KlHtUCJmWA8R,5hflTd89LojbuPtkRvPd8o,Catalog Records,2025-09-20 00:00:00.0,2025-09-15 00:00:00.0,2025-10-14 00:00:00.0,143291.0000000000,1.189315300000,HUNDREDK_RECORDS,RECORDS_STORED,ClearSale SA - PRD,Production,0.830000
3iIXLENg80KlHtUCJmWA8R,6J969du5ipFiRR3hRANP81,Marketplace Records,2025-09-20 00:00:00.0,2025-09-15 00:00:00.0,2025-10-14 00:00:00.0,0.0000000000,0.000000000000,TENK_RECORDS,RECORDS_STORED,ClearSale SA - PRD,Production,41.600000
3iIXLENg80KlHtUCJmWA8R,e959858a4b2644c19a39fd,Data Access Management - Policy Pushdown,2025-09-20 00:00:00.0,2025-09-15 00:00:00.0,2025-10-14 00:00:00.0,0.0000000000,0.000000000000,HUNDRED_RECORDS,RECORDS_STORED,ClearSale SA - PRD,Production,0.600000
3iIXLENg80KlHtUCJmWA8R,3sY0I8UHjyTiXcLzZI1fqj,Governance Records,2025-09-21 00:00:00.0,2025-09-15 00:00:00.0,2025-10-14 00:00:00.0,250.0000000000,0.237500000000,TENK_RECORDS,RECORDS_STORED,ClearSale SA - PRD,Production,9.500000
3iIXLENg80KlHtUCJmWA8R,5hflTd89LojbuPtkRvPd8o,Catalog Records,2025-09-21 00:00:00.0,2025-09-15 00:00:00.0,2025-10-14 00:00:00.0,143291.0000000000,1.189315300000,HUNDREDK_RECORDS,RECORDS_STORED,ClearSale SA - PRD,Production,0.830000
3iIXLENg80KlHtUCJmWA8R,6J969du5ipFiRR3hRANP81,Marketplace Records,2025-09-21 00:00:00.0,2025-09-15 00:00:00.0,2025-10-14 00:00:00.0,0.0000000000,0.000000000000,TENK_RECORDS,RECORDS_STORED,ClearSale SA - PRD,Production,41.600000
3iIXLENg80KlHtUCJmWA8R,e959858a4b2644c19a39fd,Data Access Management - Policy Pushdown,2025-09-21 00:00:00.0,2025-09-15 00:00:00.0,2025-10-14 00:00:00.0,0.0000000000,0.000000000000,HUNDRED_RECORDS,RECORDS_STORED,ClearSale SA - PRD,Production,0.600000
3iIXLENg80KlHtUCJmWA8R,3sY0I8UHjyTiXcLzZI1fqj,Governance Records,2025-09-22 00:00:00.0,2025-09-15 00:00:00.0,2025-10-14 00:00:00.0,250.0000000000,0.237500000000,TENK_RECORDS,RECORDS_STORED,ClearSale SA - PRD,Production,9.500000
3iIXLENg80KlHtUCJmWA8R,5hflTd89LojbuPtkRvPd8o,Catalog Records,2025-09-22 00:00:00.0,2025-09-15 00:00:00.0,2025-10-14 00:00:00.0,143291.0000000000,1.189315300000,HUNDREDK_RECORDS,RECORDS_STORED,ClearSale SA - PRD,Production,0.830000
3iIXLENg80KlHtUCJmWA8R,6J969du5ipFiRR3hRANP81,Marketplace Records,2025-09-22 00:00:00.0,2025-09-15 00:00:00.0,2025-10-14 00:00:00.0,0.0000000000,0.000000000000,TENK_RECORDS,RECORDS_STORED,ClearSale SA - PRD,Production,41.600000
3iIXLENg80KlHtUCJmWA8R,e959858a4b2644c19a39fd,Data Access Management - Policy Pushdown,2025-09-22 00:00:00.0,2025-09-15 00:00:00.0,2025-10-14 00:00:00.0,0.0000000000,0.000000000000,HUNDRED_RECORDS,RECORDS_STORED,ClearSale SA - PRD,Production,0.600000
3iIXLENg80KlHtUCJmWA8R,3sY0I8UHjyTiXcLzZI1fqj,Governance Records,2025-09-23 00:00:00.0,2025-09-15 00:00:00.0,2025-10-14 00:00:00.0,250.0000000000,0.237500000000,TENK_RECORDS,RECORDS_STORED,ClearSale SA - PRD,Production,9.500000
3iIXLENg80KlHtUCJmWA8R,5hflTd89LojbuPtkRvPd8o,Catalog Records,2025-09-23 00:00:00.0,2025-09-15 00:00:00.0,2025-10-14 00:00:00.0,143291.0000000000,1.189315300000,HUNDREDK_RECORDS,RECORDS_STORED,ClearSale SA - PRD,Production,0.830000
3iIXLENg80KlHtUCJmWA8R,6J969du5ipFiRR3hRANP81,Marketplace Records,2025-09-23 00:00:00.0,2025-09-15 00:00:00.0,2025-10-14 00:00:00.0,0.0000000000,0.000000000000,TENK_RECORDS,RECORDS_STORED,ClearSale SA - PRD,Production,41.600000
3iIXLENg80KlHtUCJmWA8R,e959858a4b2644c19a39fd,Data Access Management - Policy Pushdown,2025-09-23 00:00:00.0,2025-09-15 00:00:00.0,2025-10-14 00:00:00.0,0.0000000000,0.000000000000,HUNDRED_RECORDS,RECORDS_STORED,ClearSale SA - PRD,Production,0.600000
3iIXLENg80KlHtUCJmWA8R,3sY0I8UHjyTiXcLzZI1fqj,Governance Records,2025-09-24 00:00:00.0,2025-09-15 00:00:00.0,2025-10-14 00:00:00.0,250.0000000000,0.237500000000,TENK_RECORDS,RECORDS_STORED,ClearSale SA - PRD,Production,9.500000
3iIXLENg80KlHtUCJmWA8R,5hflTd89LojbuPtkRvPd8o,Catalog Records,2025-09-24 00:00:00.0,2025-09-15 00:00:00.0,2025-10-14 00:00:00.0,143291.0000000000,1.189315300000,HUNDREDK_RECORDS,RECORDS_STORED,ClearSale SA - PRD,Production,0.830000
3iIXLENg80KlHtUCJmWA8R,6J969du5ipFiRR3hRANP81,Marketplace Records,2025-09-24 00:00:00.0,2025-09-15 00:00:00.0,2025-10-14 00:00:00.0,0.0000000000,0.000000000000,TENK_RECORDS,RECORDS_STORED,ClearSale SA - PRD,Production,41.600000
3iIXLENg80KlHtUCJmWA8R,e959858a4b2644c19a39fd,Data Access Management - Policy Pushdown,2025-09-24 00:00:00.0,2025-09-15 00:00:00.0,2025-10-14 00:00:00.0,0.0000000000,0.000000000000,HUNDRED_RECORDS,RECORDS_STORED,ClearSale SA - PRD,Production,0.600000
3iIXLENg80KlHtUCJmWA8R,3sY0I8UHjyTiXcLzZI1fqj,Governance Records,2025-09-25 00:00:00.0,2025-09-15 00:00:00.0,2025-10-14 00:00:00.0,250.0000000000,0.237500000000,TENK_RECORDS,RECORDS_STORED,ClearSale SA - PRD,Production,9.500000
3iIXLENg80KlHtUCJmWA8R,5hflTd89LojbuPtkRvPd8o,Catalog Records,2025-09-25 00:00:00.0,2025-09-15 00:00:00.0,2025-10-14 00:00:00.0,143291.0000000000,1.189315300000,HUNDREDK_RECORDS,RECORDS_STORED,ClearSale SA - PRD,Production,0.830000
3iIXLENg80KlHtUCJmWA8R,6J969du5ipFiRR3hRANP81,Marketplace Records,2025-09-25 00:00:00.0,2025-09-15 00:00:00.0,2025-10-14 00:00:00.0,0.0000000000,0.000000000000,TENK_RECORDS,RECORDS_STORED,ClearSale SA - PRD,Production,41.600000
3iIXLENg80KlHtUCJmWA8R,e959858a4b2644c19a39fd,Data Access Management - Policy Pushdown,2025-09-25 00:00:00.0,2025-09-15 00:00:00.0,2025-10-14 00:00:00.0,0.0000000000,0.000000000000,HUNDRED_RECORDS,RECORDS_STORED,ClearSale SA - PRD,Production,0.600000
3iIXLENg80KlHtUCJmWA8R,1XzBBPzFTAlk77lGUvVPIS,Scanner Execution,2025-09-26 00:00:00.0,2025-09-15 00:00:00.0,2025-10-14 00:00:00.0,0.1707701928,0.054646461689,HOURS,COMPUTE_UNITS,ClearSale SA - PRD,Production,0.320000
3iIXLENg80KlHtUCJmWA8R,3sY0I8UHjyTiXcLzZI1fqj,Governance Records,2025-09-26 00:00:00.0,2025-09-15 00:00:00.0,2025-10-14 00:00:00.0,250.0000000000,0.237500000000,TENK_RECORDS,RECORDS_STORED,ClearSale SA - PRD,Production,9.500000
3iIXLENg80KlHtUCJmWA8R,5hflTd89LojbuPtkRvPd8o,Catalog Records,2025-09-26 00:00:00.0,2025-09-15 00:00:00.0,2025-10-14 00:00:00.0,143291.0000000000,1.189315300000,HUNDREDK_RECORDS,RECORDS_STORED,ClearSale SA - PRD,Production,0.830000
3iIXLENg80KlHtUCJmWA8R,6J969du5ipFiRR3hRANP81,Marketplace Records,2025-09-26 00:00:00.0,2025-09-15 00:00:00.0,2025-10-14 00:00:00.0,0.0000000000,0.000000000000,TENK_RECORDS,RECORDS_STORED,ClearSale SA - PRD,Production,41.600000
3iIXLENg80KlHtUCJmWA8R,e959858a4b2644c19a39fd,Data Access Management - Policy Pushdown,2025-09-26 00:00:00.0,2025-09-15 00:00:00.0,2025-10-14 00:00:00.0,0.0000000000,0.000000000000,HUNDRED_RECORDS,RECORDS_STORED,ClearSale SA - PRD,Production,0.600000
3iIXLENg80KlHtUCJmWA8R,3sY0I8UHjyTiXcLzZI1fqj,Governance Records,2025-09-27 00:00:00.0,2025-09-15 00:00:00.0,2025-10-14 00:00:00.0,250.0000000000,0.237500000000,TENK_RECORDS,RECORDS_STORED,ClearSale SA - PRD,Production,9.500000
3iIXLENg80KlHtUCJmWA8R,5hflTd89LojbuPtkRvPd8o,Catalog Records,2025-09-27 00:00:00.0,2025-09-15 00:00:00.0,2025-10-14 00:00:00.0,143291.0000000000,1.189315300000,HUNDREDK_RECORDS,RECORDS_STORED,ClearSale SA - PRD,Production,0.830000
3iIXLENg80KlHtUCJmWA8R,6J969du5ipFiRR3hRANP81,Marketplace Records,2025-09-27 00:00:00.0,2025-09-15 00:00:00.0,2025-10-14 00:00:00.0,0.0000000000,0.000000000000,TENK_RECORDS,RECORDS_STORED,ClearSale SA - PRD,Production,41.600000
3iIXLENg80KlHtUCJmWA8R,e959858a4b2644c19a39fd,Data Access Management - Policy Pushdown,2025-09-27 00:00:00.0,2025-09-15 00:00:00.0,2025-10-14 00:00:00.0,0.0000000000,0.000000000000,HUNDRED_RECORDS,RECORDS_STORED,ClearSale SA - PRD,Production,0.600000
3iIXLENg80KlHtUCJmWA8R,3sY0I8UHjyTiXcLzZI1fqj,Governance Records,2025-09-28 00:00:00.0,2025-09-15 00:00:00.0,2025-10-14 00:00:00.0,250.0000000000,0.237500000000,TENK_RECORDS,RECORDS_STORED,ClearSale SA - PRD,Production,9.500000
3iIXLENg80KlHtUCJmWA8R,5hflTd89LojbuPtkRvPd8o,Catalog Records,2025-09-28 00:00:00.0,2025-09-15 00:00:00.0,2025-10-14 00:00:00.0,143291.0000000000,1.189315300000,HUNDREDK_RECORDS,RECORDS_STORED,ClearSale SA - PRD,Production,0.830000
3iIXLENg80KlHtUCJmWA8R,6J969du5ipFiRR3hRANP81,Marketplace Records,2025-09-28 00:00:00.0,2025-09-15 00:00:00.0,2025-10-14 00:00:00.0,0.0000000000,0.000000000000,TENK_RECORDS,RECORDS_STORED,ClearSale SA - PRD,Production,41.600000
3iIXLENg80KlHtUCJmWA8R,e959858a4b2644c19a39fd,Data Access Management - Policy Pushdown,2025-09-28 00:00:00.0,2025-09-15 00:00:00.0,2025-10-14 00:00:00.0,0.0000000000,0.000000000000,HUNDRED_RECORDS,RECORDS_STORED,ClearSale SA - PRD,Production,0.600000
3iIXLENg80KlHtUCJmWA8R,3sY0I8UHjyTiXcLzZI1fqj,Governance Records,2025-09-29 00:00:00.0,2025-09-15 00:00:00.0,2025-10-14 00:00:00.0,250.0000000000,0.237500000000,TENK_RECORDS,RECORDS_STORED,ClearSale SA - PRD,Production,9.500000
3iIXLENg80KlHtUCJmWA8R,5hflTd89LojbuPtkRvPd8o,Catalog Records,2025-09-29 00:00:00.0,2025-09-15 00:00:00.0,2025-10-14 00:00:00.0,143291.0000000000,1.189315300000,HUNDREDK_RECORDS,RECORDS_STORED,ClearSale SA - PRD,Production,0.830000
3iIXLENg80KlHtUCJmWA8R,6J969du5ipFiRR3hRANP81,Marketplace Records,2025-09-29 00:00:00.0,2025-09-15 00:00:00.0,2025-10-14 00:00:00.0,0.0000000000,0.000000000000,TENK_RECORDS,RECORDS_STORED,ClearSale SA - PRD,Production,41.600000
3iIXLENg80KlHtUCJmWA8R,e959858a4b2644c19a39fd,Data Access Management - Policy Pushdown,2025-09-29 00:00:00.0,2025-09-15 00:00:00.0,2025-10-14 00:00:00.0,0.0000000000,0.000000000000,HUNDRED_RECORDS,RECORDS_STORED,ClearSale SA - PRD,Production,0.600000
3iIXLENg80KlHtUCJmWA8R,3sY0I8UHjyTiXcLzZI1fqj,Governance Records,2025-09-30 00:00:00.0,2025-09-15 00:00:00.0,2025-10-14 00:00:00.0,250.0000000000,0.237500000000,TENK_RECORDS,RECORDS_STORED,ClearSale SA - PRD,Production,9.500000
3iIXLENg80KlHtUCJmWA8R,5hflTd89LojbuPtkRvPd8o,Catalog Records,2025-09-30 00:00:00.0,2025-09-15 00:00:00.0,2025-10-14 00:00:00.0,143291.0000000000,1.189315300000,HUNDREDK_RECORDS,RECORDS_STORED,ClearSale SA - PRD,Production,0.830000
3iIXLENg80KlHtUCJmWA8R,6J969du5ipFiRR3hRANP81,Marketplace Records,2025-09-30 00:00:00.0,2025-09-15 00:00:00.0,2025-10-14 00:00:00.0,0.0000000000,0.000000000000,TENK_RECORDS,RECORDS_STORED,ClearSale SA - PRD,Production,41.600000
3iIXLENg80KlHtUCJmWA8R,e959858a4b2644c19a39fd,Data Access Management - Policy Pushdown,2025-09-30 00:00:00.0,2025-09-15 00:00:00.0,2025-10-14 00:00:00.0,0.0000000000,0.000000000000,HUNDRED_RECORDS,RECORDS_STORED,ClearSale SA - PRD,Production,0.600000
3iIXLENg80KlHtUCJmWA8R,3sY0I8UHjyTiXcLzZI1fqj,Governance Records,2025-10-01 00:00:00.0,2025-09-15 00:00:00.0,2025-10-14 00:00:00.0,250.0000000000,0.237500000000,TENK_RECORDS,RECORDS_STORED,ClearSale SA - PRD,Production,9.500000
3iIXLENg80KlHtUCJmWA8R,5hflTd89LojbuPtkRvPd8o,Catalog Records,2025-10-01 00:00:00.0,2025-09-15 00:00:00.0,2025-10-14 00:00:00.0,143291.0000000000,1.189315300000,HUNDREDK_RECORDS,RECORDS_STORED,ClearSale SA - PRD,Production,0.830000
3iIXLENg80KlHtUCJmWA8R,6J969du5ipFiRR3hRANP81,Marketplace Records,2025-10-01 00:00:00.0,2025-09-15 00:00:00.0,2025-10-14 00:00:00.0,0.0000000000,0.000000000000,TENK_RECORDS,RECORDS_STORED,ClearSale SA - PRD,Production,41.600000
3iIXLENg80KlHtUCJmWA8R,e959858a4b2644c19a39fd,Data Access Management - Policy Pushdown,2025-10-01 00:00:00.0,2025-09-15 00:00:00.0,2025-10-14 00:00:00.0,0.0000000000,0.000000000000,HUNDRED_RECORDS,RECORDS_STORED,ClearSale SA - PRD,Production,0.600000
3iIXLENg80KlHtUCJmWA8R,3sY0I8UHjyTiXcLzZI1fqj,Governance Records,2025-10-02 00:00:00.0,2025-09-15 00:00:00.0,2025-10-14 00:00:00.0,250.0000000000,0.237500000000,TENK_RECORDS,RECORDS_STORED,ClearSale SA - PRD,Production,9.500000
3iIXLENg80KlHtUCJmWA8R,5hflTd89LojbuPtkRvPd8o,Catalog Records,2025-10-02 00:00:00.0,2025-09-15 00:00:00.0,2025-10-14 00:00:00.0,143291.0000000000,1.189315300000,HUNDREDK_RECORDS,RECORDS_STORED,ClearSale SA - PRD,Production,0.830000
3iIXLENg80KlHtUCJmWA8R,6J969du5ipFiRR3hRANP81,Marketplace Records,2025-10-02 00:00:00.0,2025-09-15 00:00:00.0,2025-10-14 00:00:00.0,0.0000000000,0.000000000000,TENK_RECORDS,RECORDS_STORED,ClearSale SA - PRD,Production,41.600000
3iIXLENg80KlHtUCJmWA8R,e959858a4b2644c19a39fd,Data Access Management - Policy Pushdown,2025-10-02 00:00:00.0,2025-09-15 00:00:00.0,2025-10-14 00:00:00.0,0.0000000000,0.000000000000,HUNDRED_RECORDS,RECORDS_STORED,ClearSale SA - PRD,Production,0.600000
3iIXLENg80KlHtUCJmWA8R,1XzBBPzFTAlk77lGUvVPIS,Scanner Execution,2025-10-03 00:00:00.0,2025-09-15 00:00:00.0,2025-10-14 00:00:00.0,0.1560665133,0.049941284266,HOURS,COMPUTE_UNITS,ClearSale SA - PRD,Production,0.320000
3iIXLENg80KlHtUCJmWA8R,3sY0I8UHjyTiXcLzZI1fqj,Governance Records,2025-10-03 00:00:00.0,2025-09-15 00:00:00.0,2025-10-14 00:00:00.0,250.0000000000,0.237500000000,TENK_RECORDS,RECORDS_STORED,ClearSale SA - PRD,Production,9.500000
3iIXLENg80KlHtUCJmWA8R,5hflTd89LojbuPtkRvPd8o,Catalog Records,2025-10-03 00:00:00.0,2025-09-15 00:00:00.0,2025-10-14 00:00:00.0,143291.0000000000,1.189315300000,HUNDREDK_RECORDS,RECORDS_STORED,ClearSale SA - PRD,Production,0.830000
3iIXLENg80KlHtUCJmWA8R,6J969du5ipFiRR3hRANP81,Marketplace Records,2025-10-03 00:00:00.0,2025-09-15 00:00:00.0,2025-10-14 00:00:00.0,0.0000000000,0.000000000000,TENK_RECORDS,RECORDS_STORED,ClearSale SA - PRD,Production,41.600000
3iIXLENg80KlHtUCJmWA8R,e959858a4b2644c19a39fd,Data Access Management - Policy Pushdown,2025-10-03 00:00:00.0,2025-09-15 00:00:00.0,2025-10-14 00:00:00.0,0.0000000000,0.000000000000,HUNDRED_RECORDS,RECORDS_STORED,ClearSale SA - PRD,Production,0.600000
3iIXLENg80KlHtUCJmWA8R,3sY0I8UHjyTiXcLzZI1fqj,Governance Records,2025-10-04 00:00:00.0,2025-09-15 00:00:00.0,2025-10-14 00:00:00.0,250.0000000000,0.237500000000,TENK_RECORDS,RECORDS_STORED,ClearSale SA - PRD,Production,9.500000
3iIXLENg80KlHtUCJmWA8R,5hflTd89LojbuPtkRvPd8o,Catalog Records,2025-10-04 00:00:00.0,2025-09-15 00:00:00.0,2025-10-14 00:00:00.0,143291.0000000000,1.189315300000,HUNDREDK_RECORDS,RECORDS_STORED,ClearSale SA - PRD,Production,0.830000
3iIXLENg80KlHtUCJmWA8R,6J969du5ipFiRR3hRANP81,Marketplace Records,2025-10-04 00:00:00.0,2025-09-15 00:00:00.0,2025-10-14 00:00:00.0,0.0000000000,0.000000000000,TENK_RECORDS,RECORDS_STORED,ClearSale SA - PRD,Production,41.600000
3iIXLENg80KlHtUCJmWA8R,e959858a4b2644c19a39fd,Data Access Management - Policy Pushdown,2025-10-04 00:00:00.0,2025-09-15 00:00:00.0,2025-10-14 00:00:00.0,0.0000000000,0.000000000000,HUNDRED_RECORDS,RECORDS_STORED,ClearSale SA - PRD,Production,0.600000
3iIXLENg80KlHtUCJmWA8R,3sY0I8UHjyTiXcLzZI1fqj,Governance Records,2025-10-05 00:00:00.0,2025-09-15 00:00:00.0,2025-10-14 00:00:00.0,250.0000000000,0.237500000000,TENK_RECORDS,RECORDS_STORED,ClearSale SA - PRD,Production,9.500000
3iIXLENg80KlHtUCJmWA8R,5hflTd89LojbuPtkRvPd8o,Catalog Records,2025-10-05 00:00:00.0,2025-09-15 00:00:00.0,2025-10-14 00:00:00.0,143291.0000000000,1.189315300000,HUNDREDK_RECORDS,RECORDS_STORED,ClearSale SA - PRD,Production,0.830000
3iIXLENg80KlHtUCJmWA8R,6J969du5ipFiRR3hRANP81,Marketplace Records,2025-10-05 00:00:00.0,2025-09-15 00:00:00.0,2025-10-14 00:00:00.0,0.0000000000,0.000000000000,TENK_RECORDS,RECORDS_STORED,ClearSale SA - PRD,Production,41.600000
3iIXLENg80KlHtUCJmWA8R,e959858a4b2644c19a39fd,Data Access Management - Policy Pushdown,2025-10-05 00:00:00.0,2025-09-15 00:00:00.0,2025-10-14 00:00:00.0,0.0000000000,0.000000000000,HUNDRED_RECORDS,RECORDS_STORED,ClearSale SA - PRD,Production,0.600000
3iIXLENg80KlHtUCJmWA8R,3sY0I8UHjyTiXcLzZI1fqj,Governance Records,2025-10-06 00:00:00.0,2025-09-15 00:00:00.0,2025-10-14 00:00:00.0,250.0000000000,0.237500000000,TENK_RECORDS,RECORDS_STORED,ClearSale SA - PRD,Production,9.500000
3iIXLENg80KlHtUCJmWA8R,5hflTd89LojbuPtkRvPd8o,Catalog Records,2025-10-06 00:00:00.0,2025-09-15 00:00:00.0,2025-10-14 00:00:00.0,143291.0000000000,1.189315300000,HUNDREDK_RECORDS,RECORDS_STORED,ClearSale SA - PRD,Production,0.830000
3iIXLENg80KlHtUCJmWA8R,6J969du5ipFiRR3hRANP81,Marketplace Records,2025-10-06 00:00:00.0,2025-09-15 00:00:00.0,2025-10-14 00:00:00.0,0.0000000000,0.000000000000,TENK_RECORDS,RECORDS_STORED,ClearSale SA - PRD,Production,41.600000
3iIXLENg80KlHtUCJmWA8R,e959858a4b2644c19a39fd,Data Access Management - Policy Pushdown,2025-10-06 00:00:00.0,2025-09-15 00:00:00.0,2025-10-14 00:00:00.0,0.0000000000,0.000000000000,HUNDRED_RECORDS,RECORDS_STORED,ClearSale SA - PRD,Production,0.600000
3iIXLENg80KlHtUCJmWA8R,3sY0I8UHjyTiXcLzZI1fqj,Governance Records,2025-10-07 00:00:00.0,2025-09-15 00:00:00.0,2025-10-14 00:00:00.0,250.0000000000,0.237500000000,TENK_RECORDS,RECORDS_STORED,ClearSale SA - PRD,Production,9.500000
3iIXLENg80KlHtUCJmWA8R,5hflTd89LojbuPtkRvPd8o,Catalog Records,2025-10-07 00:00:00.0,2025-09-15 00:00:00.0,2025-10-14 00:00:00.0,143291.0000000000,1.189315300000,HUNDREDK_RECORDS,RECORDS_STORED,ClearSale SA - PRD,Production,0.830000
3iIXLENg80KlHtUCJmWA8R,6J969du5ipFiRR3hRANP81,Marketplace Records,2025-10-07 00:00:00.0,2025-09-15 00:00:00.0,2025-10-14 00:00:00.0,0.0000000000,0.000000000000,TENK_RECORDS,RECORDS_STORED,ClearSale SA - PRD,Production,41.600000
3iIXLENg80KlHtUCJmWA8R,e959858a4b2644c19a39fd,Data Access Management - Policy Pushdown,2025-10-07 00:00:00.0,2025-09-15 00:00:00.0,2025-10-14 00:00:00.0,0.0000000000,0.000000000000,HUNDRED_RECORDS,RECORDS_STORED,ClearSale SA - PRD,Production,0.600000
3iIXLENg80KlHtUCJmWA8R,3sY0I8UHjyTiXcLzZI1fqj,Governance Records,2025-10-08 00:00:00.0,2025-09-15 00:00:00.0,2025-10-14 00:00:00.0,250.0000000000,0.237500000000,TENK_RECORDS,RECORDS_STORED,ClearSale SA - PRD,Production,9.500000
3iIXLENg80KlHtUCJmWA8R,5hflTd89LojbuPtkRvPd8o,Catalog Records,2025-10-08 00:00:00.0,2025-09-15 00:00:00.0,2025-10-14 00:00:00.0,143291.0000000000,1.189315300000,HUNDREDK_RECORDS,RECORDS_STORED,ClearSale SA - PRD,Production,0.830000
3iIXLENg80KlHtUCJmWA8R,6J969du5ipFiRR3hRANP81,Marketplace Records,2025-10-08 00:00:00.0,2025-09-15 00:00:00.0,2025-10-14 00:00:00.0,0.0000000000,0.000000000000,TENK_RECORDS,RECORDS_STORED,ClearSale SA - PRD,Production,41.600000
3iIXLENg80KlHtUCJmWA8R,e959858a4b2644c19a39fd,Data Access Management - Policy Pushdown,2025-10-08 00:00:00.0,2025-09-15 00:00:00.0,2025-10-14 00:00:00.0,0.0000000000,0.000000000000,HUNDRED_RECORDS,RECORDS_STORED,ClearSale SA - PRD,Production,0.600000
3iIXLENg80KlHtUCJmWA8R,3sY0I8UHjyTiXcLzZI1fqj,Governance Records,2025-10-09 00:00:00.0,2025-09-15 00:00:00.0,2025-10-14 00:00:00.0,250.0000000000,0.237500000000,TENK_RECORDS,RECORDS_STORED,ClearSale SA - PRD,Production,9.500000
3iIXLENg80KlHtUCJmWA8R,5hflTd89LojbuPtkRvPd8o,Catalog Records,2025-10-09 00:00:00.0,2025-09-15 00:00:00.0,2025-10-14 00:00:00.0,143291.0000000000,1.189315300000,HUNDREDK_RECORDS,RECORDS_STORED,ClearSale SA - PRD,Production,0.830000
3iIXLENg80KlHtUCJmWA8R,6J969du5ipFiRR3hRANP81,Marketplace Records,2025-10-09 00:00:00.0,2025-09-15 00:00:00.0,2025-10-14 00:00:00.0,0.0000000000,0.000000000000,TENK_RECORDS,RECORDS_STORED,ClearSale SA - PRD,Production,41.600000
3iIXLENg80KlHtUCJmWA8R,e959858a4b2644c19a39fd,Data Access Management - Policy Pushdown,2025-10-09 00:00:00.0,2025-09-15 00:00:00.0,2025-10-14 00:00:00.0,0.0000000000,0.000000000000,HUNDRED_RECORDS,RECORDS_STORED,ClearSale SA - PRD,Production,0.600000
